AccessServer,dbo,Publications,Id,1,NULL,NO,uniqueidentifier,NULL,NULL,NULL,NULL,NULL,NULL,NULL,NULL,NULL,NULL,NULL,NULL,NULL,NULL,NULL
AccessServer,dbo,Publications,fkPublicationType,2,NULL,NO,uniqueidentifier,NULL,NULL,NULL,NULL,NULL,NULL,NULL,NULL,NULL,NULL,NULL,NULL,NULL,NULL,NULL
AccessServer,dbo,Publications,PublicationTitle,3,NULL,NO,varchar,50,50,NULL,NULL,NULL,NULL,NULL,NULL,iso_1,NULL,NULL,SQL_Latin1_General_CP1_CI_AS,NULL,NULL,NULL
AccessServer,dbo,Publications,Info,4,NULL,YES,varchar,200,200,NULL,NULL,NULL,NULL,NULL,NULL,iso_1,NULL,NULL,SQL_Latin1_General_CP1_CI_AS,NULL,NULL,NULL
AccessServer,dbo,Publications,Changed,5,NULL,NO,datetime,NULL,NULL,NULL,NULL,NULL,3,NULL,NULL,NULL,NULL,NULL,NULL,NULL,NULL,NULL
AccessServer,dbo,Publications,ObjVersion,6,NULL,NO,int,NULL,NULL,10,10,0,NULL,NULL,NULL,NULL,NULL,NULL,NULL,NULL,NULL,NULL
AccessServer,dbo,Publications,ParentPublicationTitle,7,NULL,YES,varchar,50,50,NULL,NULL,NULL,NULL,NULL,NULL,iso_1,NULL,NULL,SQL_Latin1_General_CP1_CI_AS,NULL,NULL,NULL
AccessServer,dbo,InstalledPublication,Id,1,NULL,NO,uniqueidentifier,NULL,NULL,NULL,NULL,NULL,NULL,NULL,NULL,NULL,NULL,NULL,NULL,NULL,NULL,NULL
AccessServer,dbo,InstalledPublication,PublicationTitle,2,NULL,YES,varchar,50,50,NULL,NULL,NULL,NULL,NULL,NULL,iso_1,NULL,NULL,SQL_Latin1_General_CP1_CI_AS,NULL,NULL,NULL
AccessServer,dbo,InstalledPublication,Description,3,NULL,YES,varchar,50,50,NULL,NULL,NULL,NULL,NULL,NULL,iso_1,NULL,NULL,SQL_Latin1_General_CP1_CI_AS,NULL,NULL,NULL
AccessServer,dbo,InstalledPublication,Changed,4,NULL,YES,datetime,NULL,NULL,NULL,NULL,NULL,3,NULL,NULL,NULL,NULL,NULL,NULL,NULL,NULL,NULL
AccessServer,dbo,InstalledPublication,ObjVersion,5,NULL,YES,int,NULL,NULL,10,10,0,NULL,NULL,NULL,NULL,NULL,NULL,NULL,NULL,NULL,NULL
AccessServer,dbo,VinPartnerGroups,Id,1,NULL,NO,uniqueidentifier,NULL,NULL,NULL,NULL,NULL,NULL,NULL,NULL,NULL,NULL,NULL,NULL,NULL,NULL,NULL
AccessServer,dbo,VinPartnerGroups,VinPartnerGroupCode,2,NULL,NO,varchar,50,50,NULL,NULL,NULL,NULL,NULL,NULL,iso_1,NULL,NULL,SQL_Latin1_General_CP1_CI_AS,NULL,NULL,NULL
AccessServer,dbo,VinPartnerGroups,fkPartnerGroup,3,NULL,NO,int,NULL,NULL,10,10,0,NULL,NULL,NULL,NULL,NULL,NULL,NULL,NULL,NULL,NULL
AccessServer,dbo,VinPartnerGroups,decodePos9,4,NULL,YES,varchar,1,1,NULL,NULL,NULL,NULL,NULL,NULL,iso_1,NULL,NULL,SQL_Latin1_General_CP1_CI_AS,NULL,NULL,NULL
AccessServer,dbo,VinPartnerGroups,Changed,5,NULL,NO,datetime,NULL,NULL,NULL,NULL,NULL,3,NULL,NULL,NULL,NULL,NULL,NULL,NULL,NULL,NULL
AccessServer,dbo,VinPartnerGroups,ObjVersion,6,NULL,NO,int,NULL,NULL,10,10,0,NULL,NULL,NULL,NULL,NULL,NULL,NULL,NULL,NULL,NULL
AccessServer,dbo,VinPartnerGroupCountries,Id,1,NULL,NO,uniqueidentifier,NULL,NULL,NULL,NULL,NULL,NULL,NULL,NULL,NULL,NULL,NULL,NULL,NULL,NULL,NULL
AccessServer,dbo,VinPartnerGroupCountries,fkCountry,2,NULL,NO,uniqueidentifier,NULL,NULL,NULL,NULL,NULL,NULL,NULL,NULL,NULL,NULL,NULL,NULL,NULL,NULL,NULL
AccessServer,dbo,VinPartnerGroupCountries,fkVinPartnerGroup,3,NULL,YES,uniqueidentifier,NULL,NULL,NULL,NULL,NULL,NULL,NULL,NULL,NULL,NULL,NULL,NULL,NULL,NULL,NULL
AccessServer,dbo,VinPartnerGroupCountries,Changed,4,NULL,NO,datetime,NULL,NULL,NULL,NULL,NULL,3,NULL,NULL,NULL,NULL,NULL,NULL,NULL,NULL,NULL
AccessServer,dbo,VinPartnerGroupCountries,ObjVersion,5,NULL,NO,int,NULL,NULL,10,10,0,NULL,NULL,NULL,NULL,NULL,NULL,NULL,NULL,NULL,NULL
AccessServer,dbo,dtproperties,id,1,NULL,NO,int,NULL,NULL,10,10,0,NULL,NULL,NULL,NULL,NULL,NULL,NULL,NULL,NULL,NULL
AccessServer,dbo,dtproperties,objectid,2,NULL,YES,int,NULL,NULL,10,10,0,NULL,NULL,NULL,NULL,NULL,NULL,NULL,NULL,NULL,NULL
AccessServer,dbo,dtproperties,property,3,NULL,NO,varchar,64,64,NULL,NULL,NULL,NULL,NULL,NULL,iso_1,NULL,NULL,SQL_Latin1_General_CP1_CI_AS,NULL,NULL,NULL
AccessServer,dbo,dtproperties,value,4,NULL,YES,varchar,255,255,NULL,NULL,NULL,NULL,NULL,NULL,iso_1,NULL,NULL,SQL_Latin1_General_CP1_CI_AS,NULL,NULL,NULL
AccessServer,dbo,dtproperties,uvalue,5,NULL,YES,nvarchar,255,510,NULL,NULL,NULL,NULL,NULL,NULL,UNICODE,NULL,NULL,SQL_Latin1_General_CP1_CI_AS,NULL,NULL,NULL
AccessServer,dbo,dtproperties,lvalue,6,NULL,YES,image,2147483647,2147483647,NULL,NULL,NULL,NULL,NULL,NULL,NULL,NULL,NULL,NULL,NULL,NULL,NULL
AccessServer,dbo,dtproperties,version,7,(0),NO,int,NULL,NULL,10,10,0,NULL,NULL,NULL,NULL,NULL,NULL,NULL,NULL,NULL,NULL
AccessServer,dbo,User_Settings,fkUser,1,NULL,NO,uniqueidentifier,NULL,NULL,NULL,NULL,NULL,NULL,NULL,NULL,NULL,NULL,NULL,NULL,NULL,NULL,NULL
AccessServer,dbo,User_Settings,SettingKey,2,NULL,NO,nvarchar,50,100,NULL,NULL,NULL,NULL,NULL,NULL,UNICODE,NULL,NULL,SQL_Latin1_General_CP1_CI_AS,NULL,NULL,NULL
AccessServer,dbo,User_Settings,SettingValue,3,NULL,NO,nvarchar,50,100,NULL,NULL,NULL,NULL,NULL,NULL,UNICODE,NULL,NULL,SQL_Latin1_General_CP1_CI_AS,NULL,NULL,NULL
AccessServer,dbo,Countries,Id,1,NULL,NO,uniqueidentifier,NULL,NULL,NULL,NULL,NULL,NULL,NULL,NULL,NULL,NULL,NULL,NULL,NULL,NULL,NULL
AccessServer,dbo,Countries,CountryCode,2,NULL,NO,varchar,50,50,NULL,NULL,NULL,NULL,NULL,NULL,iso_1,NULL,NULL,SQL_Latin1_General_CP1_CI_AS,NULL,NULL,NULL
AccessServer,dbo,Countries,distrEmail,3,NULL,YES,varchar,50,50,NULL,NULL,NULL,NULL,NULL,NULL,iso_1,NULL,NULL,SQL_Latin1_General_CP1_CI_AS,NULL,NULL,NULL
AccessServer,dbo,Countries,fkLexiconId,4,NULL,NO,uniqueidentifier,NULL,NULL,NULL,NULL,NULL,NULL,NULL,NULL,NULL,NULL,NULL,NULL,NULL,NULL,NULL
AccessServer,dbo,Countries,Changed,5,NULL,NO,datetime,NULL,NULL,NULL,NULL,NULL,3,NULL,NULL,NULL,NULL,NULL,NULL,NULL,NULL,NULL
AccessServer,dbo,Countries,ObjVersion,6,NULL,NO,int,NULL,NULL,10,10,0,NULL,NULL,NULL,NULL,NULL,NULL,NULL,NULL,NULL,NULL
AccessServer,dbo,DBSchema,Version,1,NULL,NO,varchar,50,50,NULL,NULL,NULL,NULL,NULL,NULL,iso_1,NULL,NULL,SQL_Latin1_General_CP1_CI_AS,NULL,NULL,NULL
AccessServer,dbo,DBSchema,Release,2,NULL,YES,varchar,50,50,NULL,NULL,NULL,NULL,NULL,NULL,iso_1,NULL,NULL,SQL_Latin1_General_CP1_CI_AS,NULL,NULL,NULL
AccessServer,dbo,DBSchema,ObjVersion,3,NULL,NO,datetime,NULL,NULL,NULL,NULL,NULL,3,NULL,NULL,NULL,NULL,NULL,NULL,NULL,NULL,NULL
AccessServer,dbo,InstalledLanguage,Id,1,NULL,NO,uniqueidentifier,NULL,NULL,NULL,NULL,NULL,NULL,NULL,NULL,NULL,NULL,NULL,NULL,NULL,NULL,NULL
AccessServer,dbo,InstalledLanguage,fkInstalledPublication,2,NULL,YES,uniqueidentifier,NULL,NULL,NULL,NULL,NULL,NULL,NULL,NULL,NULL,NULL,NULL,NULL,NULL,NULL,NULL
AccessServer,dbo,InstalledLanguage,fkLanguage,3,NULL,YES,uniqueidentifier,NULL,NULL,NULL,NULL,NULL,NULL,NULL,NULL,NULL,NULL,NULL,NULL,NULL,NULL,NULL
AccessServer,dbo,InstalledLanguage,Description,4,NULL,YES,varchar,50,50,NULL,NULL,NULL,NULL,NULL,NULL,iso_1,NULL,NULL,SQL_Latin1_General_CP1_CI_AS,NULL,NULL,NULL
AccessServer,dbo,InstalledLanguage,Changed,5,NULL,YES,datetime,NULL,NULL,NULL,NULL,NULL,3,NULL,NULL,NULL,NULL,NULL,NULL,NULL,NULL,NULL
AccessServer,dbo,InstalledLanguage,ObjVersion,6,NULL,YES,int,NULL,NULL,10,10,0,NULL,NULL,NULL,NULL,NULL,NULL,NULL,NULL,NULL,NULL
AccessServer,dbo,GpssPartNumberTranslation,id,1,NULL,NO,uniqueidentifier,NULL,NULL,NULL,NULL,NULL,NULL,NULL,NULL,NULL,NULL,NULL,NULL,NULL,NULL,NULL
AccessServer,dbo,GpssPartNumberTranslation,fkCustomerOrg,2,NULL,NO,uniqueidentifier,NULL,NULL,NULL,NULL,NULL,NULL,NULL,NULL,NULL,NULL,NULL,NULL,NULL,NULL,NULL
AccessServer,dbo,GpssPartNumberTranslation,actualPartNumber,3,NULL,NO,varchar,15,15,NULL,NULL,NULL,NULL,NULL,NULL,iso_1,NULL,NULL,SQL_Latin1_General_CP1_CI_AS,NULL,NULL,NULL
AccessServer,dbo,GpssPartNumberTranslation,fictivePartNumber,4,NULL,NO,varchar,15,15,NULL,NULL,NULL,NULL,NULL,NULL,iso_1,NULL,NULL,SQL_Latin1_General_CP1_CI_AS,NULL,NULL,NULL
AccessServer,dbo,GpssPartNumberTranslation,Description,5,NULL,YES,varchar,100,100,NULL,NULL,NULL,NULL,NULL,NULL,iso_1,NULL,NULL,SQL_Latin1_General_CP1_CI_AS,NULL,NULL,NULL
AccessServer,dbo,GpssPartNumberTranslation,objVersion,6,NULL,YES,int,NULL,NULL,10,10,0,NULL,NULL,NULL,NULL,NULL,NULL,NULL,NULL,NULL,NULL
AccessServer,dbo,GpssPartNumberTranslation,changed,7,NULL,YES,datetime,NULL,NULL,NULL,NULL,NULL,3,NULL,NULL,NULL,NULL,NULL,NULL,NULL,NULL,NULL
AccessServer,dbo,GpssPartNumberTranslation,price,8,((0)),NO,numeric,NULL,NULL,16,10,2,NULL,NULL,NULL,NULL,NULL,NULL,NULL,NULL,NULL,NULL
AccessServer,dbo,MenuPricingCustomerOrgLabourRate,id,1,NULL,NO,uniqueidentifier,NULL,NULL,NULL,NULL,NULL,NULL,NULL,NULL,NULL,NULL,NULL,NULL,NULL,NULL,NULL
AccessServer,dbo,MenuPricingCustomerOrgLabourRate,fkCustomerOrg,2,NULL,NO,uniqueidentifier,NULL,NULL,NULL,NULL,NULL,NULL,NULL,NULL,NULL,NULL,NULL,NULL,NULL,NULL,NULL
AccessServer,dbo,MenuPricingCustomerOrgLabourRate,price,3,NULL,NO,money,NULL,NULL,19,10,4,NULL,NULL,NULL,NULL,NULL,NULL,NULL,NULL,NULL,NULL
AccessServer,dbo,MenuPricingCustomerOrgLabourRate,objVersion,4,NULL,YES,int,NULL,NULL,10,10,0,NULL,NULL,NULL,NULL,NULL,NULL,NULL,NULL,NULL,NULL
AccessServer,dbo,MenuPricingCustomerOrgLabourRate,Changed,5,NULL,YES,datetime,NULL,NULL,NULL,NULL,NULL,3,NULL,NULL,NULL,NULL,NULL,NULL,NULL,NULL,NULL
AccessServer,dbo,MenuPricing_MarketFactor,id,1,NULL,NO,uniqueidentifier,NULL,NULL,NULL,NULL,NULL,NULL,NULL,NULL,NULL,NULL,NULL,NULL,NULL,NULL,NULL
AccessServer,dbo,MenuPricing_MarketFactor,fkCountries,2,NULL,NO,uniqueidentifier,NULL,NULL,NULL,NULL,NULL,NULL,NULL,NULL,NULL,NULL,NULL,NULL,NULL,NULL,NULL
AccessServer,dbo,MenuPricing_MarketFactor,factor,3,NULL,NO,int,NULL,NULL,10,10,0,NULL,NULL,NULL,NULL,NULL,NULL,NULL,NULL,NULL,NULL
AccessServer,dbo,MenuPricing_MarketFactor,objVersion,4,NULL,YES,int,NULL,NULL,10,10,0,NULL,NULL,NULL,NULL,NULL,NULL,NULL,NULL,NULL,NULL
AccessServer,dbo,MenuPricing_MarketFactor,changed,5,NULL,YES,datetime,NULL,NULL,NULL,NULL,NULL,3,NULL,NULL,NULL,NULL,NULL,NULL,NULL,NULL,NULL
AccessServer,dbo,LexiconIds,Id,1,NULL,NO,uniqueidentifier,NULL,NULL,NULL,NULL,NULL,NULL,NULL,NULL,NULL,NULL,NULL,NULL,NULL,NULL,NULL
AccessServer,dbo,LexiconIds,SourceEntity,2,NULL,NO,nvarchar,50,100,NULL,NULL,NULL,NULL,NULL,NULL,UNICODE,NULL,NULL,SQL_Latin1_General_CP1_CI_AS,NULL,NULL,NULL
AccessServer,dbo,LexiconIds,Changed,3,NULL,NO,datetime,NULL,NULL,NULL,NULL,NULL,3,NULL,NULL,NULL,NULL,NULL,NULL,NULL,NULL,NULL
AccessServer,dbo,LexiconIds,ObjVersion,4,NULL,NO,int,NULL,NULL,10,10,0,NULL,NULL,NULL,NULL,NULL,NULL,NULL,NULL,NULL,NULL
AccessServer,dbo,Country_DeliveryTypes,id,1,NULL,NO,uniqueidentifier,NULL,NULL,NULL,NULL,NULL,NULL,NULL,NULL,NULL,NULL,NULL,NULL,NULL,NULL,NULL
AccessServer,dbo,Country_DeliveryTypes,fkCountry,2,NULL,NO,uniqueidentifier,NULL,NULL,NULL,NULL,NULL,NULL,NULL,NULL,NULL,NULL,NULL,NULL,NULL,NULL,NULL
AccessServer,dbo,Country_DeliveryTypes,fkCustomerType,3,NULL,NO,uniqueidentifier,NULL,NULL,NULL,NULL,NULL,NULL,NULL,NULL,NULL,NULL,NULL,NULL,NULL,NULL,NULL
AccessServer,dbo,Country_DeliveryTypes,fkDeliveryType,4,NULL,NO,uniqueidentifier,NULL,NULL,NULL,NULL,NULL,NULL,NULL,NULL,NULL,NULL,NULL,NULL,NULL,NULL,NULL
AccessServer,dbo,Country_DeliveryTypes,Changed,5,NULL,NO,datetime,NULL,NULL,NULL,NULL,NULL,3,NULL,NULL,NULL,NULL,NULL,NULL,NULL,NULL,NULL
AccessServer,dbo,Country_DeliveryTypes,ObjVersion,6,NULL,NO,int,NULL,NULL,10,10,0,NULL,NULL,NULL,NULL,NULL,NULL,NULL,NULL,NULL,NULL
AccessServer,dbo,AdminRules,Id,1,NULL,NO,uniqueidentifier,NULL,NULL,NULL,NULL,NULL,NULL,NULL,NULL,NULL,NULL,NULL,NULL,NULL,NULL,NULL
AccessServer,dbo,AdminRules,RuleCode,2,NULL,NO,varchar,50,50,NULL,NULL,NULL,NULL,NULL,NULL,iso_1,NULL,NULL,Finnish_Swedish_CI_AS,NULL,NULL,NULL
AccessServer,dbo,AdminRules,fkLexiconId,3,NULL,NO,uniqueidentifier,NULL,NULL,NULL,NULL,NULL,NULL,NULL,NULL,NULL,NULL,NULL,NULL,NULL,NULL,NULL
AccessServer,dbo,AdminRules,Changed,4,NULL,NO,datetime,NULL,NULL,NULL,NULL,NULL,3,NULL,NULL,NULL,NULL,NULL,NULL,NULL,NULL,NULL
AccessServer,dbo,AdminRules,ObjVersion,5,NULL,NO,int,NULL,NULL,10,10,0,NULL,NULL,NULL,NULL,NULL,NULL,NULL,NULL,NULL,NULL
AccessServer,dbo,ASConfig,Id,1,NULL,NO,uniqueidentifier,NULL,NULL,NULL,NULL,NULL,NULL,NULL,NULL,NULL,NULL,NULL,NULL,NULL,NULL,NULL
AccessServer,dbo,ASConfig,ASConfigType,2,NULL,NO,varchar,50,50,NULL,NULL,NULL,NULL,NULL,NULL,iso_1,NULL,NULL,Finnish_Swedish_CI_AS,NULL,NULL,NULL
AccessServer,dbo,ASConfig,fkLexiconId,3,NULL,NO,uniqueidentifier,NULL,NULL,NULL,NULL,NULL,NULL,NULL,NULL,NULL,NULL,NULL,NULL,NULL,NULL,NULL
AccessServer,dbo,ASConfig,Changed,4,NULL,NO,datetime,NULL,NULL,NULL,NULL,NULL,3,NULL,NULL,NULL,NULL,NULL,NULL,NULL,NULL,NULL
AccessServer,dbo,ASConfig,ObjVersion,5,NULL,NO,int,NULL,NULL,10,10,0,NULL,NULL,NULL,NULL,NULL,NULL,NULL,NULL,NULL,NULL
AccessServer,dbo,CustomerTypes,Id,1,NULL,NO,uniqueidentifier,NULL,NULL,NULL,NULL,NULL,NULL,NULL,NULL,NULL,NULL,NULL,NULL,NULL,NULL,NULL
AccessServer,dbo,CustomerTypes,Type,2,NULL,NO,varchar,50,50,NULL,NULL,NULL,NULL,NULL,NULL,iso_1,NULL,NULL,SQL_Latin1_General_CP1_CI_AS,NULL,NULL,NULL
AccessServer,dbo,CustomerTypes,PartnerPfx,3,NULL,NO,int,NULL,NULL,10,10,0,NULL,NULL,NULL,NULL,NULL,NULL,NULL,NULL,NULL,NULL
AccessServer,dbo,CustomerTypes,fkLexiconId,4,NULL,NO,uniqueidentifier,NULL,NULL,NULL,NULL,NULL,NULL,NULL,NULL,NULL,NULL,NULL,NULL,NULL,NULL,NULL
AccessServer,dbo,CustomerTypes,Changed,5,NULL,NO,datetime,NULL,NULL,NULL,NULL,NULL,3,NULL,NULL,NULL,NULL,NULL,NULL,NULL,NULL,NULL
AccessServer,dbo,CustomerTypes,ObjVersion,6,NULL,NO,int,NULL,NULL,10,10,0,NULL,NULL,NULL,NULL,NULL,NULL,NULL,NULL,NULL,NULL
AccessServer,dbo,PartnerGroups,Id,1,NULL,NO,uniqueidentifier,NULL,NULL,NULL,NULL,NULL,NULL,NULL,NULL,NULL,NULL,NULL,NULL,NULL,NULL,NULL
AccessServer,dbo,PartnerGroups,PartnerGroupCode,2,NULL,YES,varchar,10,10,NULL,NULL,NULL,NULL,NULL,NULL,iso_1,NULL,NULL,SQL_Latin1_General_CP1_CI_AS,NULL,NULL,NULL
AccessServer,dbo,PartnerGroups,fkLexiconId,3,NULL,NO,uniqueidentifier,NULL,NULL,NULL,NULL,NULL,NULL,NULL,NULL,NULL,NULL,NULL,NULL,NULL,NULL,NULL
AccessServer,dbo,PartnerGroups,Changed,4,NULL,NO,datetime,NULL,NULL,NULL,NULL,NULL,3,NULL,NULL,NULL,NULL,NULL,NULL,NULL,NULL,NULL
AccessServer,dbo,PartnerGroups,ObjVersion,5,NULL,NO,int,NULL,NULL,10,10,0,NULL,NULL,NULL,NULL,NULL,NULL,NULL,NULL,NULL,NULL
AccessServer,dbo,UserRoles,Id,1,NULL,NO,uniqueidentifier,NULL,NULL,NULL,NULL,NULL,NULL,NULL,NULL,NULL,NULL,NULL,NULL,NULL,NULL,NULL
AccessServer,dbo,UserRoles,fkCustomerType,2,NULL,NO,uniqueidentifier,NULL,NULL,NULL,NULL,NULL,NULL,NULL,NULL,NULL,NULL,NULL,NULL,NULL,NULL,NULL
AccessServer,dbo,UserRoles,Role,3,NULL,NO,varchar,50,50,NULL,NULL,NULL,NULL,NULL,NULL,iso_1,NULL,NULL,SQL_Latin1_General_CP1_CI_AS,NULL,NULL,NULL
AccessServer,dbo,UserRoles,fkLexiconId,4,NULL,NO,uniqueidentifier,NULL,NULL,NULL,NULL,NULL,NULL,NULL,NULL,NULL,NULL,NULL,NULL,NULL,NULL,NULL
AccessServer,dbo,UserRoles,Changed,5,NULL,NO,datetime,NULL,NULL,NULL,NULL,NULL,3,NULL,NULL,NULL,NULL,NULL,NULL,NULL,NULL,NULL
AccessServer,dbo,UserRoles,ObjVersion,6,NULL,NO,int,NULL,NULL,10,10,0,NULL,NULL,NULL,NULL,NULL,NULL,NULL,NULL,NULL,NULL
AccessServer,dbo,DeliveryTypes,Id,1,NULL,NO,uniqueidentifier,NULL,NULL,NULL,NULL,NULL,NULL,NULL,NULL,NULL,NULL,NULL,NULL,NULL,NULL,NULL
AccessServer,dbo,DeliveryTypes,Type,2,NULL,YES,varchar,50,50,NULL,NULL,NULL,NULL,NULL,NULL,iso_1,NULL,NULL,SQL_Latin1_General_CP1_CI_AS,NULL,NULL,NULL
AccessServer,dbo,DeliveryTypes,fkLexiconId,3,NULL,NO,uniqueidentifier,NULL,NULL,NULL,NULL,NULL,NULL,NULL,NULL,NULL,NULL,NULL,NULL,NULL,NULL,NULL
AccessServer,dbo,DeliveryTypes,Changed,4,NULL,NO,datetime,NULL,NULL,NULL,NULL,NULL,3,NULL,NULL,NULL,NULL,NULL,NULL,NULL,NULL,NULL
AccessServer,dbo,DeliveryTypes,ObjVersion,5,NULL,NO,int,NULL,NULL,10,10,0,NULL,NULL,NULL,NULL,NULL,NULL,NULL,NULL,NULL,NULL
AccessServer,dbo,RecentVinOverridden,Id,1,NULL,NO,uniqueidentifier,NULL,NULL,NULL,NULL,NULL,NULL,NULL,NULL,NULL,NULL,NULL,NULL,NULL,NULL,NULL
AccessServer,dbo,RecentVinOverridden,fkVehicleModel,2,NULL,NO,int,NULL,NULL,10,10,0,NULL,NULL,NULL,NULL,NULL,NULL,NULL,NULL,NULL,NULL
AccessServer,dbo,RecentVinOverridden,fkModelYear,3,NULL,NO,int,NULL,NULL,10,10,0,NULL,NULL,NULL,NULL,NULL,NULL,NULL,NULL,NULL,NULL
AccessServer,dbo,RecentVinOverridden,fkEngine,4,NULL,NO,int,NULL,NULL,10,10,0,NULL,NULL,NULL,NULL,NULL,NULL,NULL,NULL,NULL,NULL
AccessServer,dbo,RecentVinOverridden,fkTransmission,5,NULL,NO,int,NULL,NULL,10,10,0,NULL,NULL,NULL,NULL,NULL,NULL,NULL,NULL,NULL,NULL
AccessServer,dbo,DistributionTypes,Id,1,NULL,NO,uniqueidentifier,NULL,NULL,NULL,NULL,NULL,NULL,NULL,NULL,NULL,NULL,NULL,NULL,NULL,NULL,NULL
AccessServer,dbo,DistributionTypes,Type,2,NULL,NO,varchar,50,50,NULL,NULL,NULL,NULL,NULL,NULL,iso_1,NULL,NULL,SQL_Latin1_General_CP1_CI_AS,NULL,NULL,NULL
AccessServer,dbo,DistributionTypes,fkLexiconId,3,NULL,NO,uniqueidentifier,NULL,NULL,NULL,NULL,NULL,NULL,NULL,NULL,NULL,NULL,NULL,NULL,NULL,NULL,NULL
AccessServer,dbo,DistributionTypes,Changed,4,NULL,NO,datetime,NULL,NULL,NULL,NULL,NULL,3,NULL,NULL,NULL,NULL,NULL,NULL,NULL,NULL,NULL
AccessServer,dbo,DistributionTypes,ObjVersion,5,NULL,NO,int,NULL,NULL,10,10,0,NULL,NULL,NULL,NULL,NULL,NULL,NULL,NULL,NULL,NULL
AccessServer,dbo,LexiconId_Descriptions,fkLexiconId,1,NULL,NO,uniqueidentifier,NULL,NULL,NULL,NULL,NULL,NULL,NULL,NULL,NULL,NULL,NULL,NULL,NULL,NULL,NULL
AccessServer,dbo,LexiconId_Descriptions,fkLanguage,2,NULL,NO,uniqueidentifier,NULL,NULL,NULL,NULL,NULL,NULL,NULL,NULL,NULL,NULL,NULL,NULL,NULL,NULL,NULL
AccessServer,dbo,LexiconId_Descriptions,Description,3,NULL,NO,nvarchar,255,510,NULL,NULL,NULL,NULL,NULL,NULL,UNICODE,NULL,NULL,SQL_Latin1_General_CP1_CI_AS,NULL,NULL,NULL
AccessServer,dbo,LexiconId_Descriptions,Changed,4,NULL,NO,datetime,NULL,NULL,NULL,NULL,NULL,3,NULL,NULL,NULL,NULL,NULL,NULL,NULL,NULL,NULL
AccessServer,dbo,LexiconId_Descriptions,ObjVersion,5,NULL,NO,int,NULL,NULL,10,10,0,NULL,NULL,NULL,NULL,NULL,NULL,NULL,NULL,NULL,NULL
AccessServer,dbo,User_DMSSettings,fkUser,1,NULL,NO,uniqueidentifier,NULL,NULL,NULL,NULL,NULL,NULL,NULL,NULL,NULL,NULL,NULL,NULL,NULL,NULL,NULL
AccessServer,dbo,User_DMSSettings,dmsKey,2,NULL,NO,nvarchar,50,100,NULL,NULL,NULL,NULL,NULL,NULL,UNICODE,NULL,NULL,SQL_Latin1_General_CP1_CI_AS,NULL,NULL,NULL
AccessServer,dbo,User_DMSSettings,dmsValue,3,NULL,NO,nvarchar,50,100,NULL,NULL,NULL,NULL,NULL,NULL,UNICODE,NULL,NULL,SQL_Latin1_General_CP1_CI_AS,NULL,NULL,NULL
AccessServer,dbo,User_ShoppingLists,Id,1,NULL,NO,int,NULL,NULL,10,10,0,NULL,NULL,NULL,NULL,NULL,NULL,NULL,NULL,NULL,NULL
AccessServer,dbo,User_ShoppingLists,fkUser,2,NULL,NO,varchar,50,50,NULL,NULL,NULL,NULL,NULL,NULL,iso_1,NULL,NULL,SQL_Latin1_General_CP1_CI_AS,NULL,NULL,NULL
AccessServer,dbo,User_ShoppingLists,ShoppingListName,3,NULL,NO,nvarchar,50,100,NULL,NULL,NULL,NULL,NULL,NULL,UNICODE,NULL,NULL,SQL_Latin1_General_CP1_CI_AS,NULL,NULL,NULL
AccessServer,dbo,User_ShoppingLists,ShoppingListNumber,4,(0),NO,int,NULL,NULL,10,10,0,NULL,NULL,NULL,NULL,NULL,NULL,NULL,NULL,NULL,NULL
AccessServer,dbo,User_ShoppingLists,Changed,5,NULL,NO,datetime,NULL,NULL,NULL,NULL,NULL,3,NULL,NULL,NULL,NULL,NULL,NULL,NULL,NULL,NULL
AccessServer,dbo,ClientLog,Id,1,NULL,NO,int,NULL,NULL,10,10,0,NULL,NULL,NULL,NULL,NULL,NULL,NULL,NULL,NULL,NULL
AccessServer,dbo,ClientLog,LogEntry,2,NULL,NO,ntext,1073741823,2147483646,NULL,NULL,NULL,NULL,NULL,NULL,UNICODE,NULL,NULL,SQL_Latin1_General_CP1_CI_AS,NULL,NULL,NULL
AccessServer,dbo,ClientLog,SentToVoccs,3,NULL,NO,bit,NULL,NULL,NULL,NULL,NULL,NULL,NULL,NULL,NULL,NULL,NULL,NULL,NULL,NULL,NULL
AccessServer,dbo,ClientLog,CreationDate,4,NULL,NO,datetime,NULL,NULL,NULL,NULL,NULL,3,NULL,NULL,NULL,NULL,NULL,NULL,NULL,NULL,NULL
AccessServer,dbo,ClientLog,EventType,5,NULL,YES,nvarchar,50,100,NULL,NULL,NULL,NULL,NULL,NULL,UNICODE,NULL,NULL,SQL_Latin1_General_CP1_CI_AS,NULL,NULL,NULL
AccessServer,dbo,RecentVINs,Id,1,NULL,NO,uniqueidentifier,NULL,NULL,NULL,NULL,NULL,NULL,NULL,NULL,NULL,NULL,NULL,NULL,NULL,NULL,NULL
AccessServer,dbo,RecentVINs,VIN,2,NULL,NO,varchar,20,20,NULL,NULL,NULL,NULL,NULL,NULL,iso_1,NULL,NULL,SQL_Latin1_General_CP1_CI_AS,NULL,NULL,NULL
AccessServer,dbo,RecentVINs,fkUser,3,NULL,NO,uniqueidentifier,NULL,NULL,NULL,NULL,NULL,NULL,NULL,NULL,NULL,NULL,NULL,NULL,NULL,NULL,NULL
AccessServer,dbo,RecentVINs,fkRecentVinOverridden,4,NULL,YES,uniqueidentifier,NULL,NULL,NULL,NULL,NULL,NULL,NULL,NULL,NULL,NULL,NULL,NULL,NULL,NULL,NULL
AccessServer,dbo,RecentVINs,chassisNumber,5,NULL,YES,varchar,10,10,NULL,NULL,NULL,NULL,NULL,NULL,iso_1,NULL,NULL,SQL_Latin1_General_CP1_CI_AS,NULL,NULL,NULL
AccessServer,dbo,RecentVINs,registrationNumber,6,NULL,YES,varchar,20,20,NULL,NULL,NULL,NULL,NULL,NULL,iso_1,NULL,NULL,SQL_Latin1_General_CP1_CI_AS,NULL,NULL,NULL
AccessServer,dbo,RecentVINs,fkPartnerGroup,7,NULL,YES,int,NULL,NULL,10,10,0,NULL,NULL,NULL,NULL,NULL,NULL,NULL,NULL,NULL,NULL
AccessServer,dbo,RecentVINs,Changed,8,NULL,NO,datetime,NULL,NULL,NULL,NULL,NULL,3,NULL,NULL,NULL,NULL,NULL,NULL,NULL,NULL,NULL
AccessServer,dbo,RecentVINs,ObjVersion,9,NULL,NO,int,NULL,NULL,10,10,0,NULL,NULL,NULL,NULL,NULL,NULL,NULL,NULL,NULL,NULL
AccessServer,dbo,Users,Id,1,NULL,NO,uniqueidentifier,NULL,NULL,NULL,NULL,NULL,NULL,NULL,NULL,NULL,NULL,NULL,NULL,NULL,NULL,NULL
AccessServer,dbo,Users,UserId,2,NULL,NO,nvarchar,50,100,NULL,NULL,NULL,NULL,NULL,NULL,UNICODE,NULL,NULL,SQL_Latin1_General_CP1_CI_AS,NULL,NULL,NULL
AccessServer,dbo,Users,LicenceKey,3,NULL,YES,image,2147483647,2147483647,NULL,NULL,NULL,NULL,NULL,NULL,NULL,NULL,NULL,NULL,NULL,NULL,NULL
AccessServer,dbo,Users,FirstName,4,NULL,YES,nvarchar,50,100,NULL,NULL,NULL,NULL,NULL,NULL,UNICODE,NULL,NULL,SQL_Latin1_General_CP1_CI_AS,NULL,NULL,NULL
AccessServer,dbo,Users,LastName,5,NULL,YES,nvarchar,50,100,NULL,NULL,NULL,NULL,NULL,NULL,UNICODE,NULL,NULL,SQL_Latin1_General_CP1_CI_AS,NULL,NULL,NULL
AccessServer,dbo,Users,Password,6,NULL,NO,nvarchar,50,100,NULL,NULL,NULL,NULL,NULL,NULL,UNICODE,NULL,NULL,SQL_Latin1_General_CP1_CI_AS,NULL,NULL,NULL
AccessServer,dbo,Users,IsActive,7,NULL,NO,bit,NULL,NULL,NULL,NULL,NULL,NULL,NULL,NULL,NULL,NULL,NULL,NULL,NULL,NULL,NULL
AccessServer,dbo,Users,IsSuspended,8,NULL,NO,bit,NULL,NULL,NULL,NULL,NULL,NULL,NULL,NULL,NULL,NULL,NULL,NULL,NULL,NULL,NULL
AccessServer,dbo,Users,Email,9,NULL,NO,nvarchar,50,100,NULL,NULL,NULL,NULL,NULL,NULL,UNICODE,NULL,NULL,SQL_Latin1_General_CP1_CI_AS,NULL,NULL,NULL
AccessServer,dbo,Users,Phone,10,NULL,YES,nvarchar,50,100,NULL,NULL,NULL,NULL,NULL,NULL,UNICODE,NULL,NULL,SQL_Latin1_General_CP1_CI_AS,NULL,NULL,NULL
AccessServer,dbo,Users,MobilePhone,11,NULL,YES,nvarchar,50,100,NULL,NULL,NULL,NULL,NULL,NULL,UNICODE,NULL,NULL,SQL_Latin1_General_CP1_CI_AS,NULL,NULL,NULL
AccessServer,dbo,Users,DMSUserId,12,NULL,YES,nvarchar,50,100,NULL,NULL,NULL,NULL,NULL,NULL,UNICODE,NULL,NULL,SQL_Latin1_General_CP1_CI_AS,NULL,NULL,NULL
AccessServer,dbo,Users,DMSPassword,13,NULL,YES,nvarchar,50,100,NULL,NULL,NULL,NULL,NULL,NULL,UNICODE,NULL,NULL,SQL_Latin1_General_CP1_CI_AS,NULL,NULL,NULL
AccessServer,dbo,Users,DMSDefaultPrefix,14,NULL,YES,nvarchar,50,100,NULL,NULL,NULL,NULL,NULL,NULL,UNICODE,NULL,NULL,SQL_Latin1_General_CP1_CI_AS,NULL,NULL,NULL
AccessServer,dbo,Users,DMSURL,15,NULL,YES,nvarchar,200,400,NULL,NULL,NULL,NULL,NULL,NULL,UNICODE,NULL,NULL,SQL_Latin1_General_CP1_CI_AS,NULL,NULL,NULL
AccessServer,dbo,Users,TIEUserId,16,NULL,YES,nvarchar,50,100,NULL,NULL,NULL,NULL,NULL,NULL,UNICODE,NULL,NULL,SQL_Latin1_General_CP1_CI_AS,NULL,NULL,NULL
AccessServer,dbo,Users,TIEPassword,17,NULL,YES,nvarchar,50,100,NULL,NULL,NULL,NULL,NULL,NULL,UNICODE,NULL,NULL,SQL_Latin1_General_CP1_CI_AS,NULL,NULL,NULL
AccessServer,dbo,Users,fkAdminRule,18,NULL,NO,uniqueidentifier,NULL,NULL,NULL,NULL,NULL,NULL,NULL,NULL,NULL,NULL,NULL,NULL,NULL,NULL,NULL
AccessServer,dbo,Users,fkCustomerOrg,19,NULL,NO,uniqueidentifier,NULL,NULL,NULL,NULL,NULL,NULL,NULL,NULL,NULL,NULL,NULL,NULL,NULL,NULL,NULL
AccessServer,dbo,Users,fkUserRoles,20,NULL,NO,uniqueidentifier,NULL,NULL,NULL,NULL,NULL,NULL,NULL,NULL,NULL,NULL,NULL,NULL,NULL,NULL,NULL
AccessServer,dbo,Users,fkLanguage,21,NULL,YES,uniqueidentifier,NULL,NULL,NULL,NULL,NULL,NULL,NULL,NULL,NULL,NULL,NULL,NULL,NULL,NULL,NULL
AccessServer,dbo,Users,fkPartnerGroup,22,NULL,NO,uniqueidentifier,NULL,NULL,NULL,NULL,NULL,NULL,NULL,NULL,NULL,NULL,NULL,NULL,NULL,NULL,NULL
AccessServer,dbo,Users,Changed,23,NULL,NO,datetime,NULL,NULL,NULL,NULL,NULL,3,NULL,NULL,NULL,NULL,NULL,NULL,NULL,NULL,NULL
AccessServer,dbo,Users,ObjVersion,24,NULL,NO,int,NULL,NULL,10,10,0,NULL,NULL,NULL,NULL,NULL,NULL,NULL,NULL,NULL,NULL
AccessServer,dbo,Users,fkUserPermission,25,NULL,YES,uniqueidentifier,NULL,NULL,NULL,NULL,NULL,NULL,NULL,NULL,NULL,NULL,NULL,NULL,NULL,NULL,NULL
AccessServer,dbo,Users,IsPriceWithVAT,26,(1),NO,bit,NULL,NULL,NULL,NULL,NULL,NULL,NULL,NULL,NULL,NULL,NULL,NULL,NULL,NULL,NULL
AccessServer,dbo,Users,DMSURLVOW,27,NULL,YES,nvarchar,200,400,NULL,NULL,NULL,NULL,NULL,NULL,UNICODE,NULL,NULL,SQL_Latin1_General_CP1_CI_AS,NULL,NULL,NULL
AccessServer,dbo,SessionCache,UserId,1,NULL,NO,nvarchar,50,100,NULL,NULL,NULL,NULL,NULL,NULL,UNICODE,NULL,NULL,SQL_Latin1_General_CP1_CI_AS,NULL,NULL,NULL
AccessServer,dbo,SessionCache,SessionId,2,NULL,NO,nvarchar,50,100,NULL,NULL,NULL,NULL,NULL,NULL,UNICODE,NULL,NULL,SQL_Latin1_General_CP1_CI_AS,NULL,NULL,NULL
AccessServer,dbo,PublicationLanguage,Id,1,NULL,NO,uniqueidentifier,NULL,NULL,NULL,NULL,NULL,NULL,NULL,NULL,NULL,NULL,NULL,NULL,NULL,NULL,NULL
AccessServer,dbo,PublicationLanguage,fkPublication,2,NULL,NO,uniqueidentifier,NULL,NULL,NULL,NULL,NULL,NULL,NULL,NULL,NULL,NULL,NULL,NULL,NULL,NULL,NULL
AccessServer,dbo,PublicationLanguage,fkLanguage,3,NULL,NO,uniqueidentifier,NULL,NULL,NULL,NULL,NULL,NULL,NULL,NULL,NULL,NULL,NULL,NULL,NULL,NULL,NULL
AccessServer,dbo,PublicationLanguage,PublishDate,4,NULL,NO,datetime,NULL,NULL,NULL,NULL,NULL,3,NULL,NULL,NULL,NULL,NULL,NULL,NULL,NULL,NULL
AccessServer,dbo,PublicationLanguage,PublicationSize,5,NULL,NO,int,NULL,NULL,10,10,0,NULL,NULL,NULL,NULL,NULL,NULL,NULL,NULL,NULL,NULL
AccessServer,dbo,PublicationLanguage,PublicationFilename,6,NULL,NO,varchar,100,100,NULL,NULL,NULL,NULL,NULL,NULL,iso_1,NULL,NULL,SQL_Latin1_General_CP1_CI_AS,NULL,NULL,NULL
AccessServer,dbo,PublicationLanguage,Info,7,NULL,YES,varchar,100,100,NULL,NULL,NULL,NULL,NULL,NULL,iso_1,NULL,NULL,SQL_Latin1_General_CP1_CI_AS,NULL,NULL,NULL
AccessServer,dbo,PublicationLanguage,Severity,8,NULL,YES,varchar,50,50,NULL,NULL,NULL,NULL,NULL,NULL,iso_1,NULL,NULL,SQL_Latin1_General_CP1_CI_AS,NULL,NULL,NULL
AccessServer,dbo,PublicationLanguage,Status,9,NULL,NO,varchar,50,50,NULL,NULL,NULL,NULL,NULL,NULL,iso_1,NULL,NULL,SQL_Latin1_General_CP1_CI_AS,NULL,NULL,NULL
AccessServer,dbo,PublicationLanguage,Changed,10,NULL,NO,datetime,NULL,NULL,NULL,NULL,NULL,3,NULL,NULL,NULL,NULL,NULL,NULL,NULL,NULL,NULL
AccessServer,dbo,PublicationLanguage,ObjVersion,11,NULL,NO,int,NULL,NULL,10,10,0,NULL,NULL,NULL,NULL,NULL,NULL,NULL,NULL,NULL,NULL
AccessServer,dbo,PublicationLanguage,CheckSum,12,NULL,YES,varchar,50,50,NULL,NULL,NULL,NULL,NULL,NULL,iso_1,NULL,NULL,SQL_Latin1_General_CP1_CI_AS,NULL,NULL,NULL
AccessServer,dbo,WorkList_Operation,id,1,NULL,NO,int,NULL,NULL,10,10,0,NULL,NULL,NULL,NULL,NULL,NULL,NULL,NULL,NULL,NULL
AccessServer,dbo,WorkList_Operation,operationNumber,2,NULL,YES,nvarchar,5,10,NULL,NULL,NULL,NULL,NULL,NULL,UNICODE,NULL,NULL,SQL_Latin1_General_CP1_CI_AS,NULL,NULL,NULL
AccessServer,dbo,WorkList_Operation,operationType,3,NULL,YES,int,NULL,NULL,10,10,0,NULL,NULL,NULL,NULL,NULL,NULL,NULL,NULL,NULL,NULL
AccessServer,dbo,WorkList_Operation,quantity,4,NULL,YES,int,NULL,NULL,10,10,0,NULL,NULL,NULL,NULL,NULL,NULL,NULL,NULL,NULL,NULL
AccessServer,dbo,WorkList_Operation,skilllevel,5,NULL,YES,nvarchar,3,6,NULL,NULL,NULL,NULL,NULL,NULL,UNICODE,NULL,NULL,SQL_Latin1_General_CP1_CI_AS,NULL,NULL,NULL
AccessServer,dbo,WorkList_Operation,variantDescription,6,NULL,YES,nvarchar,255,510,NULL,NULL,NULL,NULL,NULL,NULL,UNICODE,NULL,NULL,SQL_Latin1_General_CP1_CI_AS,NULL,NULL,NULL
AccessServer,dbo,WorkList_Operation,maxFix,7,NULL,YES,nvarchar,1,2,NULL,NULL,NULL,NULL,NULL,NULL,UNICODE,NULL,NULL,SQL_Latin1_General_CP1_CI_AS,NULL,NULL,NULL
AccessServer,dbo,WorkList_Operation,jobValue,8,NULL,YES,numeric,NULL,NULL,9,10,4,NULL,NULL,NULL,NULL,NULL,NULL,NULL,NULL,NULL,NULL
AccessServer,dbo,WorkList_Operation,maxQuantity,9,NULL,YES,int,NULL,NULL,10,10,0,NULL,NULL,NULL,NULL,NULL,NULL,NULL,NULL,NULL,NULL
AccessServer,dbo,WorkList_Operation,remedyCode,10,NULL,YES,int,NULL,NULL,10,10,0,NULL,NULL,NULL,NULL,NULL,NULL,NULL,NULL,NULL,NULL
AccessServer,dbo,WorkList_Operation,makeCode,11,NULL,YES,nvarchar,5,10,NULL,NULL,NULL,NULL,NULL,NULL,UNICODE,NULL,NULL,SQL_Latin1_General_CP1_CI_AS,NULL,NULL,NULL
AccessServer,dbo,WorkList_Operation,jobNumber,12,NULL,YES,nvarchar,50,100,NULL,NULL,NULL,NULL,NULL,NULL,UNICODE,NULL,NULL,SQL_Latin1_General_CP1_CI_AS,NULL,NULL,NULL
AccessServer,dbo,WorkList_Operation,dmsText,13,NULL,YES,nvarchar,255,510,NULL,NULL,NULL,NULL,NULL,NULL,UNICODE,NULL,NULL,SQL_Latin1_General_CP1_CI_AS,NULL,NULL,NULL
AccessServer,dbo,WorkList_Operation,packageOperationType,14,NULL,YES,nchar,10,20,NULL,NULL,NULL,NULL,NULL,NULL,UNICODE,NULL,NULL,SQL_Latin1_General_CP1_CI_AS,NULL,NULL,NULL
AccessServer,dbo,WorkList_Operation,specification,15,NULL,YES,nvarchar,20,40,NULL,NULL,NULL,NULL,NULL,NULL,UNICODE,NULL,NULL,SQL_Latin1_General_CP1_CI_AS,NULL,NULL,NULL
AccessServer,dbo,WorkList_Operation,price,16,NULL,YES,numeric,NULL,NULL,9,10,2,NULL,NULL,NULL,NULL,NULL,NULL,NULL,NULL,NULL,NULL
AccessServer,dbo,WorkList_Operation,qbNumber,17,NULL,YES,nvarchar,7,14,NULL,NULL,NULL,NULL,NULL,NULL,UNICODE,NULL,NULL,SQL_Latin1_General_CP1_CI_AS,NULL,NULL,NULL
AccessServer,dbo,WorkList_Operation,qbDescription,18,NULL,YES,nvarchar,20,40,NULL,NULL,NULL,NULL,NULL,NULL,UNICODE,NULL,NULL,SQL_Latin1_General_CP1_CI_AS,NULL,NULL,NULL
AccessServer,dbo,ComputerInfo,Id,1,NULL,NO,uniqueidentifier,NULL,NULL,NULL,NULL,NULL,NULL,NULL,NULL,NULL,NULL,NULL,NULL,NULL,NULL,NULL
AccessServer,dbo,ComputerInfo,ComputerName,2,NULL,NO,nvarchar,50,100,NULL,NULL,NULL,NULL,NULL,NULL,UNICODE,NULL,NULL,SQL_Latin1_General_CP1_CI_AS,NULL,NULL,NULL
AccessServer,dbo,ComputerInfo,MacAddress,3,NULL,NO,nvarchar,250,500,NULL,NULL,NULL,NULL,NULL,NULL,UNICODE,NULL,NULL,SQL_Latin1_General_CP1_CI_AS,NULL,NULL,NULL
AccessServer,dbo,ComputerInfo,MotherBoardId,4,NULL,NO,nvarchar,40,80,NULL,NULL,NULL,NULL,NULL,NULL,UNICODE,NULL,NULL,SQL_Latin1_General_CP1_CI_AS,NULL,NULL,NULL
AccessServer,dbo,WorkList_Vehicle,id,1,NULL,NO,int,NULL,NULL,10,10,0,NULL,NULL,NULL,NULL,NULL,NULL,NULL,NULL,NULL,NULL
AccessServer,dbo,WorkList_Vehicle,profileId,2,NULL,YES,varchar,255,255,NULL,NULL,NULL,NULL,NULL,NULL,iso_1,NULL,NULL,SQL_Latin1_General_CP1_CI_AS,NULL,NULL,NULL
AccessServer,dbo,WorkList_Vehicle,description,3,NULL,YES,varchar,255,255,NULL,NULL,NULL,NULL,NULL,NULL,iso_1,NULL,NULL,SQL_Latin1_General_CP1_CI_AS,NULL,NULL,NULL
AccessServer,dbo,WorkList_Vehicle,vin,4,NULL,YES,nchar,17,34,NULL,NULL,NULL,NULL,NULL,NULL,UNICODE,NULL,NULL,SQL_Latin1_General_CP1_CI_AS,NULL,NULL,NULL
AccessServer,dbo,ASInstance,Id,1,NULL,NO,uniqueidentifier,NULL,NULL,NULL,NULL,NULL,NULL,NULL,NULL,NULL,NULL,NULL,NULL,NULL,NULL,NULL
AccessServer,dbo,ASInstance,fkComputerInfo,2,NULL,YES,uniqueidentifier,NULL,NULL,NULL,NULL,NULL,NULL,NULL,NULL,NULL,NULL,NULL,NULL,NULL,NULL,NULL
AccessServer,dbo,ASInstance,SyncId,3,NULL,YES,uniqueidentifier,NULL,NULL,NULL,NULL,NULL,NULL,NULL,NULL,NULL,NULL,NULL,NULL,NULL,NULL,NULL
AccessServer,dbo,ASInstance,PIEClientId,4,NULL,NO,int,NULL,NULL,10,10,0,NULL,NULL,NULL,NULL,NULL,NULL,NULL,NULL,NULL,NULL
AccessServer,dbo,ASInstance,fkASConfig,5,NULL,NO,uniqueidentifier,NULL,NULL,NULL,NULL,NULL,NULL,NULL,NULL,NULL,NULL,NULL,NULL,NULL,NULL,NULL
AccessServer,dbo,ASInstance,fkCustomerOrg,6,NULL,YES,uniqueidentifier,NULL,NULL,NULL,NULL,NULL,NULL,NULL,NULL,NULL,NULL,NULL,NULL,NULL,NULL,NULL
AccessServer,dbo,ASInstance,Changed,7,NULL,NO,datetime,NULL,NULL,NULL,NULL,NULL,3,NULL,NULL,NULL,NULL,NULL,NULL,NULL,NULL,NULL
AccessServer,dbo,ASInstance,ObjVersion,8,NULL,NO,int,NULL,NULL,10,10,0,NULL,NULL,NULL,NULL,NULL,NULL,NULL,NULL,NULL,NULL
AccessServer,dbo,WorkList_User,id,1,NULL,NO,int,NULL,NULL,10,10,0,NULL,NULL,NULL,NULL,NULL,NULL,NULL,NULL,NULL,NULL
AccessServer,dbo,WorkList_User,userId,2,NULL,NO,nvarchar,50,100,NULL,NULL,NULL,NULL,NULL,NULL,UNICODE,NULL,NULL,SQL_Latin1_General_CP1_CI_AS,NULL,NULL,NULL
AccessServer,dbo,WorkList_User,partnerId,3,NULL,NO,nvarchar,50,100,NULL,NULL,NULL,NULL,NULL,NULL,UNICODE,NULL,NULL,SQL_Latin1_General_CP1_CI_AS,NULL,NULL,NULL
AccessServer,dbo,WorkList_User,idSelectedWorkList,4,NULL,YES,int,NULL,NULL,10,10,0,NULL,NULL,NULL,NULL,NULL,NULL,NULL,NULL,NULL,NULL
AccessServer,dbo,User_ShoppingListParts,Id,1,NULL,NO,int,NULL,NULL,10,10,0,NULL,NULL,NULL,NULL,NULL,NULL,NULL,NULL,NULL,NULL
AccessServer,dbo,User_ShoppingListParts,fkShoppingList,2,NULL,NO,int,NULL,NULL,10,10,0,NULL,NULL,NULL,NULL,NULL,NULL,NULL,NULL,NULL,NULL
AccessServer,dbo,User_ShoppingListParts,isAddedManually,3,(0),NO,bit,NULL,NULL,NULL,NULL,NULL,NULL,NULL,NULL,NULL,NULL,NULL,NULL,NULL,NULL,NULL
AccessServer,dbo,User_ShoppingListParts,PartNumber,4,NULL,NO,varchar,50,50,NULL,NULL,NULL,NULL,NULL,NULL,iso_1,NULL,NULL,SQL_Latin1_General_CP1_CI_AS,NULL,NULL,NULL
AccessServer,dbo,User_ShoppingListParts,SectionCode,5,NULL,YES,char,16,16,NULL,NULL,NULL,NULL,NULL,NULL,iso_1,NULL,NULL,SQL_Latin1_General_CP1_CI_AS,NULL,NULL,NULL
AccessServer,dbo,User_ShoppingListParts,SelectedVehicleProfile,6,NULL,NO,varchar,255,255,NULL,NULL,NULL,NULL,NULL,NULL,iso_1,NULL,NULL,SQL_Latin1_General_CP1_CI_AS,NULL,NULL,NULL
AccessServer,dbo,User_ShoppingListParts,ChassisNumber,7,NULL,YES,varchar,6,6,NULL,NULL,NULL,NULL,NULL,NULL,iso_1,NULL,NULL,SQL_Latin1_General_CP1_CI_AS,NULL,NULL,NULL
AccessServer,dbo,User_ShoppingListParts,Vin,8,NULL,YES,varchar,17,17,NULL,NULL,NULL,NULL,NULL,NULL,iso_1,NULL,NULL,SQL_Latin1_General_CP1_CI_AS,NULL,NULL,NULL
AccessServer,dbo,User_ShoppingListParts,RegistrationNumber,9,NULL,YES,nvarchar,20,40,NULL,NULL,NULL,NULL,NULL,NULL,UNICODE,NULL,NULL,SQL_Latin1_General_CP1_CI_AS,NULL,NULL,NULL
AccessServer,dbo,User_ShoppingListParts,isSoftwareProduct,10,(0),NO,bit,NULL,NULL,NULL,NULL,NULL,NULL,NULL,NULL,NULL,NULL,NULL,NULL,NULL,NULL,NULL
AccessServer,dbo,User_ShoppingListParts,Description,11,NULL,YES,nvarchar,255,510,NULL,NULL,NULL,NULL,NULL,NULL,UNICODE,NULL,NULL,SQL_Latin1_General_CP1_CI_AS,NULL,NULL,NULL
AccessServer,dbo,User_ShoppingListParts,Quantity,12,NULL,NO,numeric,NULL,NULL,9,10,2,NULL,NULL,NULL,NULL,NULL,NULL,NULL,NULL,NULL,NULL
AccessServer,dbo,User_ShoppingListParts,Price,13,NULL,YES,numeric,NULL,NULL,9,10,2,NULL,NULL,NULL,NULL,NULL,NULL,NULL,NULL,NULL,NULL
AccessServer,dbo,User_ShoppingListParts,JobNumber,14,NULL,YES,nvarchar,10,20,NULL,NULL,NULL,NULL,NULL,NULL,UNICODE,NULL,NULL,SQL_Latin1_General_CP1_CI_AS,NULL,NULL,NULL
AccessServer,dbo,User_ShoppingListParts,PartsPrefix,15,NULL,YES,nvarchar,5,10,NULL,NULL,NULL,NULL,NULL,NULL,UNICODE,NULL,NULL,SQL_Latin1_General_CP1_CI_AS,NULL,NULL,NULL
AccessServer,dbo,User_ShoppingListParts,isAddedToSoftwareManager,16,(0),YES,bit,NULL,NULL,NULL,NULL,NULL,NULL,NULL,NULL,NULL,NULL,NULL,NULL,NULL,NULL,NULL
AccessServer,dbo,User_ShoppingListParts,Changed,17,NULL,NO,datetime,NULL,NULL,NULL,NULL,NULL,3,NULL,NULL,NULL,NULL,NULL,NULL,NULL,NULL,NULL
AccessServer,dbo,WorkList,id,1,NULL,NO,int,NULL,NULL,10,10,0,NULL,NULL,NULL,NULL,NULL,NULL,NULL,NULL,NULL,NULL
AccessServer,dbo,WorkList,listTitle,2,NULL,YES,nvarchar,50,100,NULL,NULL,NULL,NULL,NULL,NULL,UNICODE,NULL,NULL,SQL_Latin1_General_CP1_CI_AS,NULL,NULL,NULL
AccessServer,dbo,WorkList,orderNumber,3,NULL,YES,nvarchar,50,100,NULL,NULL,NULL,NULL,NULL,NULL,UNICODE,NULL,NULL,SQL_Latin1_General_CP1_CI_AS,NULL,NULL,NULL
AccessServer,dbo,WorkList,fkUserIdCreatedBy,4,NULL,NO,int,NULL,NULL,10,10,0,NULL,NULL,NULL,NULL,NULL,NULL,NULL,NULL,NULL,NULL
AccessServer,dbo,WorkList,listType,5,(N'NONE'),NO,nvarchar,50,100,NULL,NULL,NULL,NULL,NULL,NULL,UNICODE,NULL,NULL,SQL_Latin1_General_CP1_CI_AS,NULL,NULL,NULL
AccessServer,dbo,WorkList,fkUserIdLockedBy,6,NULL,YES,int,NULL,NULL,10,10,0,NULL,NULL,NULL,NULL,NULL,NULL,NULL,NULL,NULL,NULL
AccessServer,dbo,WorkList,comment,7,NULL,YES,nvarchar,-1,-1,NULL,NULL,NULL,NULL,NULL,NULL,UNICODE,NULL,NULL,SQL_Latin1_General_CP1_CI_AS,NULL,NULL,NULL
AccessServer,dbo,WorkList,fkWorkList_Vehicle,8,NULL,YES,int,NULL,NULL,10,10,0,NULL,NULL,NULL,NULL,NULL,NULL,NULL,NULL,NULL,NULL
AccessServer,dbo,WorkList,deleted,9,((0)),YES,bit,NULL,NULL,NULL,NULL,NULL,NULL,NULL,NULL,NULL,NULL,NULL,NULL,NULL,NULL,NULL
AccessServer,dbo,WorkList,version,10,((1)),NO,int,NULL,NULL,10,10,0,NULL,NULL,NULL,NULL,NULL,NULL,NULL,NULL,NULL,NULL
AccessServer,dbo,WorkList,partnerId,11,NULL,YES,nvarchar,50,100,NULL,NULL,NULL,NULL,NULL,NULL,UNICODE,NULL,NULL,SQL_Latin1_General_CP1_CI_AS,NULL,NULL,NULL
AccessServer,dbo,ApplicationProperty,key,1,NULL,NO,nvarchar,150,300,NULL,NULL,NULL,NULL,NULL,NULL,UNICODE,NULL,NULL,SQL_Latin1_General_CP1_CI_AS,NULL,NULL,NULL
AccessServer,dbo,ApplicationProperty,value,2,NULL,NO,nvarchar,150,300,NULL,NULL,NULL,NULL,NULL,NULL,UNICODE,NULL,NULL,SQL_Latin1_General_CP1_CI_AS,NULL,NULL,NULL
AccessServer,dbo,ServerConfig,id,1,NULL,NO,uniqueidentifier,NULL,NULL,NULL,NULL,NULL,NULL,NULL,NULL,NULL,NULL,NULL,NULL,NULL,NULL,NULL
AccessServer,dbo,ServerConfig,InboxPath,2,NULL,YES,varchar,255,255,NULL,NULL,NULL,NULL,NULL,NULL,iso_1,NULL,NULL,SQL_Latin1_General_CP1_CI_AS,NULL,NULL,NULL
AccessServer,dbo,ServerConfig,QW90ServiceName,3,NULL,YES,varchar,255,255,NULL,NULL,NULL,NULL,NULL,NULL,iso_1,NULL,NULL,SQL_Latin1_General_CP1_CI_AS,NULL,NULL,NULL
AccessServer,dbo,ServerConfig,DasigServiceName,4,NULL,YES,varchar,255,255,NULL,NULL,NULL,NULL,NULL,NULL,iso_1,NULL,NULL,SQL_Latin1_General_CP1_CI_AS,NULL,NULL,NULL
AccessServer,dbo,ServerConfig,MailTransmitterServiceName,5,NULL,YES,varchar,255,255,NULL,NULL,NULL,NULL,NULL,NULL,iso_1,NULL,NULL,SQL_Latin1_General_CP1_CI_AS,NULL,NULL,NULL
AccessServer,dbo,ServerConfig,SpScriptServiceName,6,NULL,YES,varchar,255,255,NULL,NULL,NULL,NULL,NULL,NULL,iso_1,NULL,NULL,SQL_Latin1_General_CP1_CI_AS,NULL,NULL,NULL
AccessServer,dbo,ServerConfig,SWODLServiceName,7,NULL,YES,varchar,255,255,NULL,NULL,NULL,NULL,NULL,NULL,iso_1,NULL,NULL,SQL_Latin1_General_CP1_CI_AS,NULL,NULL,NULL
AccessServer,dbo,ServerConfig,SystemPollerServiceName,8,NULL,YES,varchar,255,255,NULL,NULL,NULL,NULL,NULL,NULL,iso_1,NULL,NULL,SQL_Latin1_General_CP1_CI_AS,NULL,NULL,NULL
AccessServer,dbo,ServerConfig,TIEServiceName,9,NULL,YES,varchar,255,255,NULL,NULL,NULL,NULL,NULL,NULL,iso_1,NULL,NULL,SQL_Latin1_General_CP1_CI_AS,NULL,NULL,NULL
AccessServer,dbo,ServerConfig,ClientInfoServiceName,10,NULL,YES,varchar,255,255,NULL,NULL,NULL,NULL,NULL,NULL,iso_1,NULL,NULL,SQL_Latin1_General_CP1_CI_AS,NULL,NULL,NULL
AccessServer,dbo,ServerConfig,DROServiceName,11,NULL,YES,varchar,255,255,NULL,NULL,NULL,NULL,NULL,NULL,iso_1,NULL,NULL,SQL_Latin1_General_CP1_CI_AS,NULL,NULL,NULL
AccessServer,dbo,ServerConfig,ProxyServletURL,12,NULL,YES,varchar,255,255,NULL,NULL,NULL,NULL,NULL,NULL,iso_1,NULL,NULL,SQL_Latin1_General_CP1_CI_AS,NULL,NULL,NULL
AccessServer,dbo,ServerConfig,AdministrationURL,13,NULL,YES,varchar,255,255,NULL,NULL,NULL,NULL,NULL,NULL,iso_1,NULL,NULL,SQL_Latin1_General_CP1_CI_AS,NULL,NULL,NULL
AccessServer,dbo,ServerConfig,BaseDataURL,14,NULL,YES,varchar,255,255,NULL,NULL,NULL,NULL,NULL,NULL,iso_1,NULL,NULL,SQL_Latin1_General_CP1_CI_AS,NULL,NULL,NULL
AccessServer,dbo,ServerConfig,PublishAreaURL,15,NULL,YES,varchar,255,255,NULL,NULL,NULL,NULL,NULL,NULL,iso_1,NULL,NULL,SQL_Latin1_General_CP1_CI_AS,NULL,NULL,NULL
AccessServer,dbo,ServerConfig,IntegrationURL,16,NULL,YES,varchar,255,255,NULL,NULL,NULL,NULL,NULL,NULL,iso_1,NULL,NULL,SQL_Latin1_General_CP1_CI_AS,NULL,NULL,NULL
AccessServer,dbo,ServerConfig,IntegrationUserId,17,NULL,YES,varchar,50,50,NULL,NULL,NULL,NULL,NULL,NULL,iso_1,NULL,NULL,SQL_Latin1_General_CP1_CI_AS,NULL,NULL,NULL
AccessServer,dbo,ServerConfig,IntegrationPassword,18,NULL,YES,varchar,50,50,NULL,NULL,NULL,NULL,NULL,NULL,iso_1,NULL,NULL,SQL_Latin1_General_CP1_CI_AS,NULL,NULL,NULL
AccessServer,dbo,ServerConfig,ComPort,19,NULL,YES,varchar,50,50,NULL,NULL,NULL,NULL,NULL,NULL,iso_1,NULL,NULL,SQL_Latin1_General_CP1_CI_AS,NULL,NULL,NULL
AccessServer,dbo,ServerConfig,DmsTimeout,20,NULL,YES,int,NULL,NULL,10,10,0,NULL,NULL,NULL,NULL,NULL,NULL,NULL,NULL,NULL,NULL
AccessServer,dbo,ServerConfig,SessionTimeOut,21,NULL,YES,int,NULL,NULL,10,10,0,NULL,NULL,NULL,NULL,NULL,NULL,NULL,NULL,NULL,NULL
AccessServer,dbo,ServerConfig,MaxRecentVin,22,NULL,YES,int,NULL,NULL,10,10,0,NULL,NULL,NULL,NULL,NULL,NULL,NULL,NULL,NULL,NULL
AccessServer,dbo,ServerConfig,DealerLogotypeFileLocation,23,NULL,YES,varchar,255,255,NULL,NULL,NULL,NULL,NULL,NULL,iso_1,NULL,NULL,SQL_Latin1_General_CP1_CI_AS,NULL,NULL,NULL
AccessServer,dbo,ServerConfig,Changed,24,NULL,NO,datetime,NULL,NULL,NULL,NULL,NULL,3,NULL,NULL,NULL,NULL,NULL,NULL,NULL,NULL,NULL
AccessServer,dbo,ServerConfig,ObjVersion,25,NULL,NO,int,NULL,NULL,10,10,0,NULL,NULL,NULL,NULL,NULL,NULL,NULL,NULL,NULL,NULL
AccessServer,dbo,ServerConfig,CentralSystemConnectionType,26,NULL,YES,varchar,8,8,NULL,NULL,NULL,NULL,NULL,NULL,iso_1,NULL,NULL,SQL_Latin1_General_CP1_CI_AS,NULL,NULL,NULL
AccessServer,dbo,ServerConfig,PieServiceName,27,NULL,YES,varchar,255,255,NULL,NULL,NULL,NULL,NULL,NULL,iso_1,NULL,NULL,SQL_Latin1_General_CP1_CI_AS,NULL,NULL,NULL
AccessServer,dbo,ServerConfig,SurveillancServiceName,28,NULL,YES,varchar,255,255,NULL,NULL,NULL,NULL,NULL,NULL,iso_1,NULL,NULL,SQL_Latin1_General_CP1_CI_AS,NULL,NULL,NULL
AccessServer,dbo,ServerConfig,CwlServiceName,29,NULL,YES,varchar,255,255,NULL,NULL,NULL,NULL,NULL,NULL,iso_1,NULL,NULL,SQL_Latin1_General_CP1_CI_AS,NULL,NULL,NULL
AccessServer,dbo,ServerConfig,proxyServiceName,30,NULL,YES,varchar,255,255,NULL,NULL,NULL,NULL,NULL,NULL,iso_1,NULL,NULL,SQL_Latin1_General_CP1_CI_AS,NULL,NULL,NULL
AccessServer,dbo,ServerConfig,SwdlAreaURL,31,NULL,YES,varchar,255,255,NULL,NULL,NULL,NULL,NULL,NULL,iso_1,NULL,NULL,SQL_Latin1_General_CP1_CI_AS,NULL,NULL,NULL
AccessServer,dbo,WorkList_Part,id,1,NULL,NO,int,NULL,NULL,10,10,0,NULL,NULL,NULL,NULL,NULL,NULL,NULL,NULL,NULL,NULL
AccessServer,dbo,WorkList_Part,partNumber,2,NULL,NO,varchar,50,50,NULL,NULL,NULL,NULL,NULL,NULL,iso_1,NULL,NULL,SQL_Latin1_General_CP1_CI_AS,NULL,NULL,NULL
AccessServer,dbo,WorkList_Part,quantity,3,NULL,YES,numeric,NULL,NULL,9,10,2,NULL,NULL,NULL,NULL,NULL,NULL,NULL,NULL,NULL,NULL
AccessServer,dbo,WorkList_Part,software,4,NULL,YES,bit,NULL,NULL,NULL,NULL,NULL,NULL,NULL,NULL,NULL,NULL,NULL,NULL,NULL,NULL,NULL
AccessServer,dbo,WorkList_Part,makeCode,5,NULL,YES,nvarchar,5,10,NULL,NULL,NULL,NULL,NULL,NULL,UNICODE,NULL,NULL,SQL_Latin1_General_CP1_CI_AS,NULL,NULL,NULL
AccessServer,dbo,WorkList_Part,jobNumber,6,NULL,YES,nvarchar,50,100,NULL,NULL,NULL,NULL,NULL,NULL,UNICODE,NULL,NULL,SQL_Latin1_General_CP1_CI_AS,NULL,NULL,NULL
AccessServer,dbo,WorkList_Part,dmsText,7,NULL,YES,nvarchar,255,510,NULL,NULL,NULL,NULL,NULL,NULL,UNICODE,NULL,NULL,SQL_Latin1_General_CP1_CI_AS,NULL,NULL,NULL
AccessServer,dbo,WorkList_Part,price,8,NULL,YES,numeric,NULL,NULL,9,10,2,NULL,NULL,NULL,NULL,NULL,NULL,NULL,NULL,NULL,NULL
AccessServer,dbo,WorkList_Part,fkWorkList_Vehicle,9,NULL,YES,int,NULL,NULL,10,10,0,NULL,NULL,NULL,NULL,NULL,NULL,NULL,NULL,NULL,NULL
AccessServer,dbo,WorkList_Settings,id,1,NULL,NO,int,NULL,NULL,10,10,0,NULL,NULL,NULL,NULL,NULL,NULL,NULL,NULL,NULL,NULL
AccessServer,dbo,WorkList_Settings,fkWorkListUser,2,NULL,NO,int,NULL,NULL,10,10,0,NULL,NULL,NULL,NULL,NULL,NULL,NULL,NULL,NULL,NULL
AccessServer,dbo,WorkList_Settings,settingName,3,NULL,YES,nvarchar,50,100,NULL,NULL,NULL,NULL,NULL,NULL,UNICODE,NULL,NULL,SQL_Latin1_General_CP1_CI_AS,NULL,NULL,NULL
AccessServer,dbo,WorkList_Settings,settingValue,4,NULL,YES,nvarchar,50,100,NULL,NULL,NULL,NULL,NULL,NULL,UNICODE,NULL,NULL,SQL_Latin1_General_CP1_CI_AS,NULL,NULL,NULL
AccessServer,dbo,WorkList_Operation_List,fkWorkList,1,NULL,NO,int,NULL,NULL,10,10,0,NULL,NULL,NULL,NULL,NULL,NULL,NULL,NULL,NULL,NULL
AccessServer,dbo,WorkList_Operation_List,fkWorkList_Operation,2,NULL,NO,int,NULL,NULL,10,10,0,NULL,NULL,NULL,NULL,NULL,NULL,NULL,NULL,NULL,NULL
AccessServer,dbo,WorkList_Part_List,fkWorkList,1,NULL,NO,int,NULL,NULL,10,10,0,NULL,NULL,NULL,NULL,NULL,NULL,NULL,NULL,NULL,NULL
AccessServer,dbo,WorkList_Part_List,fkWorkList_Part,2,NULL,NO,int,NULL,NULL,10,10,0,NULL,NULL,NULL,NULL,NULL,NULL,NULL,NULL,NULL,NULL
AccessServer,dbo,DBContent,Release,1,NULL,NO,varchar,50,50,NULL,NULL,NULL,NULL,NULL,NULL,iso_1,NULL,NULL,SQL_Latin1_General_CP1_CI_AS,NULL,NULL,NULL
AccessServer,dbo,DBContent,ScriptName,2,NULL,NO,varchar,50,50,NULL,NULL,NULL,NULL,NULL,NULL,iso_1,NULL,NULL,SQL_Latin1_General_CP1_CI_AS,NULL,NULL,NULL
AccessServer,dbo,DBContent,ObjVersion,3,NULL,NO,datetime,NULL,NULL,NULL,NULL,NULL,3,NULL,NULL,NULL,NULL,NULL,NULL,NULL,NULL,NULL
AccessServer,dbo,WorkList_Csc,id,1,NULL,NO,int,NULL,NULL,10,10,0,NULL,NULL,NULL,NULL,NULL,NULL,NULL,NULL,NULL,NULL
AccessServer,dbo,WorkList_Csc,fkWorkList,2,NULL,YES,int,NULL,NULL,10,10,0,NULL,NULL,NULL,NULL,NULL,NULL,NULL,NULL,NULL,NULL
AccessServer,dbo,WorkList_Csc,csc,3,NULL,YES,char,2,2,NULL,NULL,NULL,NULL,NULL,NULL,iso_1,NULL,NULL,SQL_Latin1_General_CP1_CI_AS,NULL,NULL,NULL
AccessServer,dbo,WorkList_Csc,makeCode,4,NULL,YES,nvarchar,5,10,NULL,NULL,NULL,NULL,NULL,NULL,UNICODE,NULL,NULL,SQL_Latin1_General_CP1_CI_AS,NULL,NULL,NULL
AccessServer,dbo,WorkList_Csc,jobNumber,5,NULL,YES,nvarchar,50,100,NULL,NULL,NULL,NULL,NULL,NULL,UNICODE,NULL,NULL,SQL_Latin1_General_CP1_CI_AS,NULL,NULL,NULL
AccessServer,dbo,WorkList_Csc,dmsText,6,NULL,YES,nvarchar,255,510,NULL,NULL,NULL,NULL,NULL,NULL,UNICODE,NULL,NULL,SQL_Latin1_General_CP1_CI_AS,NULL,NULL,NULL
AccessServer,dbo,WorkList_Csc,qbNumber,7,NULL,YES,nvarchar,7,14,NULL,NULL,NULL,NULL,NULL,NULL,UNICODE,NULL,NULL,SQL_Latin1_General_CP1_CI_AS,NULL,NULL,NULL
AccessServer,dbo,WorkList_Csc,qbDescription,8,NULL,YES,nvarchar,20,40,NULL,NULL,NULL,NULL,NULL,NULL,UNICODE,NULL,NULL,SQL_Latin1_General_CP1_CI_AS,NULL,NULL,NULL
AccessServer,dbo,WorkList_PostponedQb,id,1,NULL,NO,int,NULL,NULL,10,10,0,NULL,NULL,NULL,NULL,NULL,NULL,NULL,NULL,NULL,NULL
AccessServer,dbo,WorkList_PostponedQb,fkWorkList,2,NULL,YES,int,NULL,NULL,10,10,0,NULL,NULL,NULL,NULL,NULL,NULL,NULL,NULL,NULL,NULL
AccessServer,dbo,WorkList_PostponedQb,qbNumber,3,NULL,NO,nvarchar,7,14,NULL,NULL,NULL,NULL,NULL,NULL,UNICODE,NULL,NULL,SQL_Latin1_General_CP1_CI_AS,NULL,NULL,NULL
AccessServer,dbo,WorkList_PostponedQb,qbDescription,4,NULL,YES,nvarchar,20,40,NULL,NULL,NULL,NULL,NULL,NULL,UNICODE,NULL,NULL,SQL_Latin1_General_CP1_CI_AS,NULL,NULL,NULL
AccessServer,dbo,WorkList_Package,id,1,NULL,NO,int,NULL,NULL,10,10,0,NULL,NULL,NULL,NULL,NULL,NULL,NULL,NULL,NULL,NULL
AccessServer,dbo,WorkList_Package,fkWorkList,2,NULL,NO,int,NULL,NULL,10,10,0,NULL,NULL,NULL,NULL,NULL,NULL,NULL,NULL,NULL,NULL
AccessServer,dbo,WorkList_Package,packageNumber,3,NULL,NO,varchar,50,50,NULL,NULL,NULL,NULL,NULL,NULL,iso_1,NULL,NULL,SQL_Latin1_General_CP1_CI_AS,NULL,NULL,NULL
AccessServer,dbo,WorkList_Package,quantity,4,NULL,YES,int,NULL,NULL,10,10,0,NULL,NULL,NULL,NULL,NULL,NULL,NULL,NULL,NULL,NULL
AccessServer,dbo,WorkList_Package,makeCode,5,NULL,YES,nvarchar,5,10,NULL,NULL,NULL,NULL,NULL,NULL,UNICODE,NULL,NULL,SQL_Latin1_General_CP1_CI_AS,NULL,NULL,NULL
AccessServer,dbo,WorkList_Package,jobNumber,6,NULL,YES,nvarchar,50,100,NULL,NULL,NULL,NULL,NULL,NULL,UNICODE,NULL,NULL,SQL_Latin1_General_CP1_CI_AS,NULL,NULL,NULL
AccessServer,dbo,WorkList_Package,dmsText,7,NULL,YES,nvarchar,255,510,NULL,NULL,NULL,NULL,NULL,NULL,UNICODE,NULL,NULL,SQL_Latin1_General_CP1_CI_AS,NULL,NULL,NULL
AccessServer,dbo,WorkList_Package,usingFixedPrice,8,NULL,YES,bit,NULL,NULL,NULL,NULL,NULL,NULL,NULL,NULL,NULL,NULL,NULL,NULL,NULL,NULL,NULL
AccessServer,dbo,User_PersonalComments,CommentId,1,NULL,NO,int,NULL,NULL,10,10,0,NULL,NULL,NULL,NULL,NULL,NULL,NULL,NULL,NULL,NULL
AccessServer,dbo,User_PersonalComments,fkUserId,2,NULL,NO,nvarchar,50,100,NULL,NULL,NULL,NULL,NULL,NULL,UNICODE,NULL,NULL,SQL_Latin1_General_CP1_CI_AS,NULL,NULL,NULL
AccessServer,dbo,User_PersonalComments,TargetElementId,3,NULL,NO,nvarchar,50,100,NULL,NULL,NULL,NULL,NULL,NULL,UNICODE,NULL,NULL,SQL_Latin1_General_CP1_CI_AS,NULL,NULL,NULL
AccessServer,dbo,User_PersonalComments,TargetTypeId,4,NULL,NO,int,NULL,NULL,10,10,0,NULL,NULL,NULL,NULL,NULL,NULL,NULL,NULL,NULL,NULL
AccessServer,dbo,User_PersonalComments,CommentBody,5,NULL,YES,nvarchar,500,1000,NULL,NULL,NULL,NULL,NULL,NULL,UNICODE,NULL,NULL,SQL_Latin1_General_CP1_CI_AS,NULL,NULL,NULL
AccessServer,dbo,User_PersonalComments,CreationDate,6,NULL,NO,datetime,NULL,NULL,NULL,NULL,NULL,3,NULL,NULL,NULL,NULL,NULL,NULL,NULL,NULL,NULL
AccessServer,dbo,User_PersonalComments,ModifiedDate,7,NULL,YES,datetime,NULL,NULL,NULL,NULL,NULL,3,NULL,NULL,NULL,NULL,NULL,NULL,NULL,NULL,NULL
AccessServer,dbo,CustomerOrgs,Id,1,NULL,NO,uniqueidentifier,NULL,NULL,NULL,NULL,NULL,NULL,NULL,NULL,NULL,NULL,NULL,NULL,NULL,NULL,NULL
AccessServer,dbo,CustomerOrgs,Created,2,NULL,YES,datetime,NULL,NULL,NULL,NULL,NULL,3,NULL,NULL,NULL,NULL,NULL,NULL,NULL,NULL,NULL
AccessServer,dbo,CustomerOrgs,ContactName,3,NULL,YES,nvarchar,50,100,NULL,NULL,NULL,NULL,NULL,NULL,UNICODE,NULL,NULL,SQL_Latin1_General_CP1_CI_AS,NULL,NULL,NULL
AccessServer,dbo,CustomerOrgs,ContactEmail,4,NULL,YES,nvarchar,100,200,NULL,NULL,NULL,NULL,NULL,NULL,UNICODE,NULL,NULL,SQL_Latin1_General_CP1_CI_AS,NULL,NULL,NULL
AccessServer,dbo,CustomerOrgs,PhoneNo,5,NULL,YES,nvarchar,50,100,NULL,NULL,NULL,NULL,NULL,NULL,UNICODE,NULL,NULL,SQL_Latin1_General_CP1_CI_AS,NULL,NULL,NULL
AccessServer,dbo,CustomerOrgs,FaxNo,6,NULL,YES,nvarchar,50,100,NULL,NULL,NULL,NULL,NULL,NULL,UNICODE,NULL,NULL,SQL_Latin1_General_CP1_CI_AS,NULL,NULL,NULL
AccessServer,dbo,CustomerOrgs,Address1,7,NULL,YES,nvarchar,50,100,NULL,NULL,NULL,NULL,NULL,NULL,UNICODE,NULL,NULL,SQL_Latin1_General_CP1_CI_AS,NULL,NULL,NULL
AccessServer,dbo,CustomerOrgs,Address2,8,NULL,YES,nvarchar,50,100,NULL,NULL,NULL,NULL,NULL,NULL,UNICODE,NULL,NULL,SQL_Latin1_General_CP1_CI_AS,NULL,NULL,NULL
AccessServer,dbo,CustomerOrgs,Address3,9,NULL,YES,nvarchar,50,100,NULL,NULL,NULL,NULL,NULL,NULL,UNICODE,NULL,NULL,SQL_Latin1_General_CP1_CI_AS,NULL,NULL,NULL
AccessServer,dbo,CustomerOrgs,City,10,NULL,YES,nvarchar,50,100,NULL,NULL,NULL,NULL,NULL,NULL,UNICODE,NULL,NULL,SQL_Latin1_General_CP1_CI_AS,NULL,NULL,NULL
AccessServer,dbo,CustomerOrgs,ZipCode,11,NULL,YES,nvarchar,50,100,NULL,NULL,NULL,NULL,NULL,NULL,UNICODE,NULL,NULL,SQL_Latin1_General_CP1_CI_AS,NULL,NULL,NULL
AccessServer,dbo,CustomerOrgs,US_State,12,NULL,YES,nvarchar,20,40,NULL,NULL,NULL,NULL,NULL,NULL,UNICODE,NULL,NULL,SQL_Latin1_General_CP1_CI_AS,NULL,NULL,NULL
AccessServer,dbo,CustomerOrgs,CompanyName,13,NULL,NO,nvarchar,50,100,NULL,NULL,NULL,NULL,NULL,NULL,UNICODE,NULL,NULL,SQL_Latin1_General_CP1_CI_AS,NULL,NULL,NULL
AccessServer,dbo,CustomerOrgs,DMSUrl,14,NULL,YES,nvarchar,100,200,NULL,NULL,NULL,NULL,NULL,NULL,UNICODE,NULL,NULL,SQL_Latin1_General_CP1_CI_AS,NULL,NULL,NULL
AccessServer,dbo,CustomerOrgs,DMSurlCAS,15,NULL,YES,nvarchar,100,200,NULL,NULL,NULL,NULL,NULL,NULL,UNICODE,NULL,NULL,SQL_Latin1_General_CP1_CI_AS,NULL,NULL,NULL
AccessServer,dbo,CustomerOrgs,QW90Id,16,NULL,YES,nvarchar,50,100,NULL,NULL,NULL,NULL,NULL,NULL,UNICODE,NULL,NULL,SQL_Latin1_General_CP1_CI_AS,NULL,NULL,NULL
AccessServer,dbo,CustomerOrgs,ParmaId,17,NULL,YES,nvarchar,50,100,NULL,NULL,NULL,NULL,NULL,NULL,UNICODE,NULL,NULL,SQL_Latin1_General_CP1_CI_AS,NULL,NULL,NULL
AccessServer,dbo,CustomerOrgs,PartnerId,18,NULL,NO,nvarchar,50,100,NULL,NULL,NULL,NULL,NULL,NULL,UNICODE,NULL,NULL,SQL_Latin1_General_CP1_CI_AS,NULL,NULL,NULL
AccessServer,dbo,CustomerOrgs,District,19,NULL,NO,nvarchar,50,100,NULL,NULL,NULL,NULL,NULL,NULL,UNICODE,NULL,NULL,SQL_Latin1_General_CP1_CI_AS,NULL,NULL,NULL
AccessServer,dbo,CustomerOrgs,Customer,20,NULL,NO,nvarchar,50,100,NULL,NULL,NULL,NULL,NULL,NULL,UNICODE,NULL,NULL,SQL_Latin1_General_CP1_CI_AS,NULL,NULL,NULL
AccessServer,dbo,CustomerOrgs,WSLSiteId,21,NULL,YES,nvarchar,50,100,NULL,NULL,NULL,NULL,NULL,NULL,UNICODE,NULL,NULL,SQL_Latin1_General_CP1_CI_AS,NULL,NULL,NULL
AccessServer,dbo,CustomerOrgs,Suspended,22,NULL,YES,bit,NULL,NULL,NULL,NULL,NULL,NULL,NULL,NULL,NULL,NULL,NULL,NULL,NULL,NULL,NULL
AccessServer,dbo,CustomerOrgs,IsDMSavailableOnCAS,23,NULL,YES,bit,NULL,NULL,NULL,NULL,NULL,NULL,NULL,NULL,NULL,NULL,NULL,NULL,NULL,NULL,NULL
AccessServer,dbo,CustomerOrgs,UseProxyForDMSOnAIOC,24,NULL,YES,bit,NULL,NULL,NULL,NULL,NULL,NULL,NULL,NULL,NULL,NULL,NULL,NULL,NULL,NULL,NULL
AccessServer,dbo,CustomerOrgs,NotAllowedToBuySubscriptions,25,NULL,YES,bit,NULL,NULL,NULL,NULL,NULL,NULL,NULL,NULL,NULL,NULL,NULL,NULL,NULL,NULL,NULL
AccessServer,dbo,CustomerOrgs,FetchPriceFromMP,26,NULL,YES,bit,NULL,NULL,NULL,NULL,NULL,NULL,NULL,NULL,NULL,NULL,NULL,NULL,NULL,NULL,NULL
AccessServer,dbo,CustomerOrgs,ShowIndependentOrderButton,27,NULL,YES,bit,NULL,NULL,NULL,NULL,NULL,NULL,NULL,NULL,NULL,NULL,NULL,NULL,NULL,NULL,NULL
AccessServer,dbo,CustomerOrgs,fkPartnerGroup,28,NULL,NO,uniqueidentifier,NULL,NULL,NULL,NULL,NULL,NULL,NULL,NULL,NULL,NULL,NULL,NULL,NULL,NULL,NULL
AccessServer,dbo,CustomerOrgs,fkLanguage,29,NULL,NO,uniqueidentifier,NULL,NULL,NULL,NULL,NULL,NULL,NULL,NULL,NULL,NULL,NULL,NULL,NULL,NULL,NULL
AccessServer,dbo,CustomerOrgs,fkCountries,30,NULL,NO,uniqueidentifier,NULL,NULL,NULL,NULL,NULL,NULL,NULL,NULL,NULL,NULL,NULL,NULL,NULL,NULL,NULL
AccessServer,dbo,CustomerOrgs,fkDeliveryType,31,NULL,NO,uniqueidentifier,NULL,NULL,NULL,NULL,NULL,NULL,NULL,NULL,NULL,NULL,NULL,NULL,NULL,NULL,NULL
AccessServer,dbo,CustomerOrgs,fkDistributionType,32,NULL,NO,uniqueidentifier,NULL,NULL,NULL,NULL,NULL,NULL,NULL,NULL,NULL,NULL,NULL,NULL,NULL,NULL,NULL
AccessServer,dbo,CustomerOrgs,fkCustomerType,33,NULL,NO,uniqueidentifier,NULL,NULL,NULL,NULL,NULL,NULL,NULL,NULL,NULL,NULL,NULL,NULL,NULL,NULL,NULL
AccessServer,dbo,CustomerOrgs,fkOrgParent,34,NULL,YES,uniqueidentifier,NULL,NULL,NULL,NULL,NULL,NULL,NULL,NULL,NULL,NULL,NULL,NULL,NULL,NULL,NULL
AccessServer,dbo,CustomerOrgs,Changed,35,NULL,NO,datetime,NULL,NULL,NULL,NULL,NULL,3,NULL,NULL,NULL,NULL,NULL,NULL,NULL,NULL,NULL
AccessServer,dbo,CustomerOrgs,ObjVersion,36,NULL,NO,int,NULL,NULL,10,10,0,NULL,NULL,NULL,NULL,NULL,NULL,NULL,NULL,NULL,NULL
AccessServer,dbo,CustomerOrgs,AutomaticPartDetailsEnabled,37,NULL,YES,bit,NULL,NULL,NULL,NULL,NULL,NULL,NULL,NULL,NULL,NULL,NULL,NULL,NULL,NULL,NULL
AccessServer,dbo,CustomerOrgs,fkMpCountries,38,NULL,NO,uniqueidentifier,NULL,NULL,NULL,NULL,NULL,NULL,NULL,NULL,NULL,NULL,NULL,NULL,NULL,NULL,NULL
AccessServer,dbo,WorkList_Part_Package,fkWorkList_Package,1,NULL,NO,int,NULL,NULL,10,10,0,NULL,NULL,NULL,NULL,NULL,NULL,NULL,NULL,NULL,NULL
AccessServer,dbo,WorkList_Part_Package,fkWorkList_Part,2,NULL,NO,int,NULL,NULL,10,10,0,NULL,NULL,NULL,NULL,NULL,NULL,NULL,NULL,NULL,NULL
AccessServer,dbo,WorkList_PartText,id,1,NULL,NO,int,NULL,NULL,10,10,0,NULL,NULL,NULL,NULL,NULL,NULL,NULL,NULL,NULL,NULL
AccessServer,dbo,WorkList_PartText,fkPartTitle,2,NULL,YES,int,NULL,NULL,10,10,0,NULL,NULL,NULL,NULL,NULL,NULL,NULL,NULL,NULL,NULL
AccessServer,dbo,WorkList_PartText,isoLanguage,3,NULL,YES,nvarchar,10,20,NULL,NULL,NULL,NULL,NULL,NULL,UNICODE,NULL,NULL,SQL_Latin1_General_CP1_CI_AS,NULL,NULL,NULL
AccessServer,dbo,WorkList_PartText,text,4,NULL,YES,nchar,255,510,NULL,NULL,NULL,NULL,NULL,NULL,UNICODE,NULL,NULL,SQL_Latin1_General_CP1_CI_AS,NULL,NULL,NULL
AccessServer,dbo,WorkList_Operation_Package,fkWorkList_Package,1,NULL,NO,int,NULL,NULL,10,10,0,NULL,NULL,NULL,NULL,NULL,NULL,NULL,NULL,NULL,NULL
AccessServer,dbo,WorkList_Operation_Package,fkWorkList_Operation,2,NULL,NO,int,NULL,NULL,10,10,0,NULL,NULL,NULL,NULL,NULL,NULL,NULL,NULL,NULL,NULL
AccessServer,dbo,WorkList_OperationText,id,1,NULL,NO,int,NULL,NULL,10,10,0,NULL,NULL,NULL,NULL,NULL,NULL,NULL,NULL,NULL,NULL
AccessServer,dbo,WorkList_OperationText,fkOperationTitle,2,NULL,YES,int,NULL,NULL,10,10,0,NULL,NULL,NULL,NULL,NULL,NULL,NULL,NULL,NULL,NULL
AccessServer,dbo,WorkList_OperationText,isoLanguage,3,NULL,YES,nvarchar,10,20,NULL,NULL,NULL,NULL,NULL,NULL,UNICODE,NULL,NULL,SQL_Latin1_General_CP1_CI_AS,NULL,NULL,NULL
AccessServer,dbo,WorkList_OperationText,text,4,NULL,YES,nchar,255,510,NULL,NULL,NULL,NULL,NULL,NULL,UNICODE,NULL,NULL,SQL_Latin1_General_CP1_CI_AS,NULL,NULL,NULL
AccessServer,dbo,WorkList_CscText,id,1,NULL,NO,int,NULL,NULL,10,10,0,NULL,NULL,NULL,NULL,NULL,NULL,NULL,NULL,NULL,NULL
AccessServer,dbo,WorkList_CscText,fkCsc,2,NULL,NO,int,NULL,NULL,10,10,0,NULL,NULL,NULL,NULL,NULL,NULL,NULL,NULL,NULL,NULL
AccessServer,dbo,WorkList_CscText,isoLanguage,3,NULL,NO,nvarchar,5,10,NULL,NULL,NULL,NULL,NULL,NULL,UNICODE,NULL,NULL,SQL_Latin1_General_CP1_CI_AS,NULL,NULL,NULL
AccessServer,dbo,WorkList_CscText,componentFunction,4,NULL,YES,nchar,255,510,NULL,NULL,NULL,NULL,NULL,NULL,UNICODE,NULL,NULL,SQL_Latin1_General_CP1_CI_AS,NULL,NULL,NULL
AccessServer,dbo,WorkList_CscText,component,5,NULL,YES,nchar,255,510,NULL,NULL,NULL,NULL,NULL,NULL,UNICODE,NULL,NULL,SQL_Latin1_General_CP1_CI_AS,NULL,NULL,NULL
AccessServer,dbo,WorkList_CscText,deviation,6,NULL,YES,nchar,255,510,NULL,NULL,NULL,NULL,NULL,NULL,UNICODE,NULL,NULL,SQL_Latin1_General_CP1_CI_AS,NULL,NULL,NULL
AccessServer,dbo,WorkList_CscText,comment1,7,NULL,YES,nchar,255,510,NULL,NULL,NULL,NULL,NULL,NULL,UNICODE,NULL,NULL,SQL_Latin1_General_CP1_CI_AS,NULL,NULL,NULL
AccessServer,dbo,WorkList_CscText,comment2,8,NULL,YES,nchar,255,510,NULL,NULL,NULL,NULL,NULL,NULL,UNICODE,NULL,NULL,SQL_Latin1_General_CP1_CI_AS,NULL,NULL,NULL
AccessServer,dbo,WorkList_PackageText,id,1,NULL,NO,int,NULL,NULL,10,10,0,NULL,NULL,NULL,NULL,NULL,NULL,NULL,NULL,NULL,NULL
AccessServer,dbo,WorkList_PackageText,fkPackageTitle,2,NULL,YES,int,NULL,NULL,10,10,0,NULL,NULL,NULL,NULL,NULL,NULL,NULL,NULL,NULL,NULL
AccessServer,dbo,WorkList_PackageText,isoLanguage,3,NULL,YES,nvarchar,10,20,NULL,NULL,NULL,NULL,NULL,NULL,UNICODE,NULL,NULL,SQL_Latin1_General_CP1_CI_AS,NULL,NULL,NULL
AccessServer,dbo,WorkList_PackageText,text,4,NULL,YES,varchar,1000,1000,NULL,NULL,NULL,NULL,NULL,NULL,iso_1,NULL,NULL,SQL_Latin1_General_CP1_CI_AS,NULL,NULL,NULL
AccessServer,dbo,Languages,Id,1,NULL,NO,uniqueidentifier,NULL,NULL,NULL,NULL,NULL,NULL,NULL,NULL,NULL,NULL,NULL,NULL,NULL,NULL,NULL
AccessServer,dbo,Languages,LanguageCode,2,NULL,NO,varchar,50,50,NULL,NULL,NULL,NULL,NULL,NULL,iso_1,NULL,NULL,Finnish_Swedish_CI_AS,NULL,NULL,NULL
AccessServer,dbo,Languages,Cid,3,NULL,YES,int,NULL,NULL,10,10,0,NULL,NULL,NULL,NULL,NULL,NULL,NULL,NULL,NULL,NULL
AccessServer,dbo,Languages,fkLexiconId,4,NULL,NO,uniqueidentifier,NULL,NULL,NULL,NULL,NULL,NULL,NULL,NULL,NULL,NULL,NULL,NULL,NULL,NULL,NULL
AccessServer,dbo,Languages,Changed,5,NULL,NO,datetime,NULL,NULL,NULL,NULL,NULL,3,NULL,NULL,NULL,NULL,NULL,NULL,NULL,NULL,NULL
AccessServer,dbo,Languages,ObjVersion,6,NULL,NO,int,NULL,NULL,10,10,0,NULL,NULL,NULL,NULL,NULL,NULL,NULL,NULL,NULL,NULL
AccessServer,dbo,InstalledUpdate,Id,1,NULL,NO,uniqueidentifier,NULL,NULL,NULL,NULL,NULL,NULL,NULL,NULL,NULL,NULL,NULL,NULL,NULL,NULL,NULL
AccessServer,dbo,InstalledUpdate,fkInstalledPublication,2,NULL,NO,uniqueidentifier,NULL,NULL,NULL,NULL,NULL,NULL,NULL,NULL,NULL,NULL,NULL,NULL,NULL,NULL,NULL
AccessServer,dbo,InstalledUpdate,InstallDate,3,NULL,NO,datetime,NULL,NULL,NULL,NULL,NULL,3,NULL,NULL,NULL,NULL,NULL,NULL,NULL,NULL,NULL
AccessServer,dbo,InstalledUpdate,ObjVersion,4,NULL,NO,int,NULL,NULL,10,10,0,NULL,NULL,NULL,NULL,NULL,NULL,NULL,NULL,NULL,NULL
AccessServer,dbo,InstalledUpdate,UpdateTitle,5,NULL,YES,varchar,50,50,NULL,NULL,NULL,NULL,NULL,NULL,iso_1,NULL,NULL,SQL_Latin1_General_CP1_CI_AS,NULL,NULL,NULL
AccessServer,dbo,ServerConsistency,Id,1,NULL,NO,uniqueidentifier,NULL,NULL,NULL,NULL,NULL,NULL,NULL,NULL,NULL,NULL,NULL,NULL,NULL,NULL,NULL
AccessServer,dbo,ServerConsistency,fkInstalledPublication,2,NULL,YES,uniqueidentifier,NULL,NULL,NULL,NULL,NULL,NULL,NULL,NULL,NULL,NULL,NULL,NULL,NULL,NULL,NULL
AccessServer,dbo,ServerConsistency,fkInstalledUpdate,3,NULL,YES,uniqueidentifier,NULL,NULL,NULL,NULL,NULL,NULL,NULL,NULL,NULL,NULL,NULL,NULL,NULL,NULL,NULL
AccessServer,dbo,ServerConsistency,ForceSynch,4,NULL,NO,bit,NULL,NULL,NULL,NULL,NULL,NULL,NULL,NULL,NULL,NULL,NULL,NULL,NULL,NULL,NULL
AccessServer,dbo,ServerConsistency,LastClientLog,5,NULL,YES,datetime,NULL,NULL,NULL,NULL,NULL,3,NULL,NULL,NULL,NULL,NULL,NULL,NULL,NULL,NULL
AccessServer,dbo,ServerConsistency,LastLogin,6,NULL,YES,datetime,NULL,NULL,NULL,NULL,NULL,3,NULL,NULL,NULL,NULL,NULL,NULL,NULL,NULL,NULL
AccessServer,dbo,ServerConsistency,Changed,7,NULL,NO,datetime,NULL,NULL,NULL,NULL,NULL,3,NULL,NULL,NULL,NULL,NULL,NULL,NULL,NULL,NULL
AccessServer,dbo,ServerConsistency,ObjVersion,8,NULL,NO,int,NULL,NULL,10,10,0,NULL,NULL,NULL,NULL,NULL,NULL,NULL,NULL,NULL,NULL
AccessServer,dbo,ServerConsistency,UninstalledUpdateCounter,9,NULL,YES,int,NULL,NULL,10,10,0,NULL,NULL,NULL,NULL,NULL,NULL,NULL,NULL,NULL,NULL
AccessServer,dbo,ServerConsistency,ForceNewInstallation,10,NULL,YES,bit,NULL,NULL,NULL,NULL,NULL,NULL,NULL,NULL,NULL,NULL,NULL,NULL,NULL,NULL,NULL
AccessServer,dbo,ServerConsistency,difference,11,NULL,YES,int,NULL,NULL,10,10,0,NULL,NULL,NULL,NULL,NULL,NULL,NULL,NULL,NULL,NULL
AccessServer,dbo,PublicationTypes,Id,1,NULL,NO,uniqueidentifier,NULL,NULL,NULL,NULL,NULL,NULL,NULL,NULL,NULL,NULL,NULL,NULL,NULL,NULL,NULL
AccessServer,dbo,PublicationTypes,Type,2,NULL,NO,varchar,10,10,NULL,NULL,NULL,NULL,NULL,NULL,iso_1,NULL,NULL,SQL_Latin1_General_CP1_CI_AS,NULL,NULL,NULL
AccessServer,dbo,PublicationTypes,Description,3,NULL,YES,varchar,50,50,NULL,NULL,NULL,NULL,NULL,NULL,iso_1,NULL,NULL,SQL_Latin1_General_CP1_CI_AS,NULL,NULL,NULL
AccessServer,dbo,PublicationTypes,Changed,4,NULL,NO,datetime,NULL,NULL,NULL,NULL,NULL,3,NULL,NULL,NULL,NULL,NULL,NULL,NULL,NULL,NULL
AccessServer,dbo,PublicationTypes,ObjVersion,5,NULL,NO,int,NULL,NULL,10,10,0,NULL,NULL,NULL,NULL,NULL,NULL,NULL,NULL,NULL,NULL
AccessServer,dbo,RecentSymptoms,fkRecentVins,1,NULL,NO,uniqueidentifier,NULL,NULL,NULL,NULL,NULL,NULL,NULL,NULL,NULL,NULL,NULL,NULL,NULL,NULL,NULL
AccessServer,dbo,RecentSymptoms,SymptomId,2,NULL,NO,int,NULL,NULL,10,10,0,NULL,NULL,NULL,NULL,NULL,NULL,NULL,NULL,NULL,NULL
AccessServer,dbo,RecentSymptoms,CscSymptom,3,NULL,NO,varchar,2,2,NULL,NULL,NULL,NULL,NULL,NULL,iso_1,NULL,NULL,SQL_Latin1_General_CP1_CI_AS,NULL,NULL,NULL
AccessServer,dbo,RecentSymptoms,JobNo,4,NULL,YES,varchar,10,10,NULL,NULL,NULL,NULL,NULL,NULL,iso_1,NULL,NULL,SQL_Latin1_General_CP1_CI_AS,NULL,NULL,NULL
